00000000
00000000
00000000
00000000
00000000
00000000
00000000
00000000
00000000
00000000
00000000
00000000
00000000
00000000
00000000
00000000
00010117
fc010113
00000297
03028293
30529073
00007297
69428293
00008317
b5c30313
0062f663
0002a023
bfdd0291
6fe010ef
0000a001
c0067119
c412c20e
c81ac616
cc22ca1e
d02ace26
d432d22e
d83ad636
dc42da3e
c0cade46
c4d2c2ce
c8dac6d6
cce2cade
d0eacee6
d4f2d2ee
d8fad6f6
2573dafe
25f33420
26733410
10ef3430
40825240
42224192
434242b2
446243d2
550244f2
56225592
574256b2
586257d2
490658f2
4a264996
4b464ab6
4c664bd6
5d064cf6
5e265d96
5f465eb6
61095fd6
30200073
47370000
471c4000
1007f793
c748ffed
27836721
0785acc7
acf72623
11418082
c606c422
4503842a
e5090004
442240b2
80820141
040537f9
1101b7fd
892ac84a
ca266515
42850513
cc226499
ce06c64e
37f14471
7b848493
57b359f1
8bbd0089
c50397a6
14710007
18e33f69
40f2ff34
44d24462
49b24942
80826105
a78367a1
c3a1ab47
672166a1
ab86a783
abc72703
00f71463
80824501
0713671d
973e6e87
00074703
f7930785
002303f7
ac2300e5
6721aaf6
ad072783
07854505
acf72823
47378082
47144000
a42367a1
a783acd7
06b7ac87
8ff50200
4b1cffd5
00f50023
0693bfc9
56b30280
671d02d5
6e070713
973687aa
00074503
f6b34751
ca9902e7
02e5f733
0713cb09
956313f0
051302e7
a02d0ff0
0713dfed
8ae313f0
d9e5fee7
00155793
00655713
07168bb1
55138fd9
8d5d4815
0c700793
fcf58be3
67a18082
20400737
a6e7a623
a42367a1
67a1a607
a607a223
a02367a1
6721a607
a5c72783
2e230785
8082a4f7
411866a1
aa86a783
a4230785
0c63aaf6
67a102b7
a987a683
66a1ea91
a8a6aa23
a82366a1
66a1a8b6
a8e6a623
a987a703
07054501
a8e7ac23
27836721
0785aa47
aaf72223
45058082
07b78082
953e0900
050a4785
02f58363
85634789
e98900f5
8082852e
a5a565b7
a5a58593
bfcd8da9
5a5aa5b7
5a558593
55fdbfd5
6721b7d5
ab072783
28230785
67a1aaf7
aaa7a023
ae2367a1
67a1a807
a807ac23
aa2367a1
67a1a807
a807a823
a62367a1
67a1a807
a807a423
a50367a1
8082af47
a78367a1
1141af47
8f89c226
c60664a1
ae23c422
c591a8f4
a58367a1
b593a987
65150015
05136421
242342c5
33f1a8b4
a8842783
6515cb8d
43850513
65153b7d
48450513
a5033b5d
33f1a9c4
05136519
3365d245
a8842503
442240b2
35334492
014100a0
67218082
aac72783
05136515
07854405
aaf72623
67a13349
a987a503
65153b59
45050513
67a13b8d
a947a503
65153359
46c50513
67a1338d
a907a503
65153b9d
47850513
67a13b89
a8c7a503
b771339d
47e1c105
00a7e663
15330505
808228a0
fe750793
66634709
152100f7
15710562
470d8082
03000537
fee78ce3
04000537
715db7fd
84aac2a6
05136519
c686d245
c0cac4a2
dc52842e
da56de4e
d65ed85a
d266d462
ce6ed06a
852231fd
651531ed
6e050513
053731cd
39e52400
05136515
39d14a45
31f58526
05136515
31e14ac5
35718526
11223a37
0937c62a
05932400
2023344a
000f00b9
05370330
3bcd2400
faa00793
0023842a
000f00f9
05370330
05932400
3be93aaa
fbb00793
00a38c2a
000f00f9
c5b70330
85931122
0537baa5
3b7d2400
fcc00793
01238baa
000f00f9
c5b70330
859311cc
0537baa5
334d2400
fdd00793
01a38b2a
000f00f9
c5b70330
8593ddcc
0537baa5
33592400
879377fd
8aaaeff7
00f91123
0330000f
eeffc5b7
baa58593
24000537
679533a5
56678793
10238a2a
000f00f9
55b70330
8593eeff
05375665
33a92400
74338c69
74330184
74330174
74330164
74330154
88050144
0c041663
05136515
6a1949c5
6b956b15
80893ed9
78ca0a13
6c194901
6d156aa1
49cb0b13
494b8b93
85136795
3e654c07
0513478d
04634ccd
250300f9
3665000a
db4c0513
a983364d
4d81a98a
240006b7
85ca856e
20ddccb3
a023330d
0d8500ac
240006b7
fe9de6e3
0330000f
0db74c81
85ca2400
33118566
c53385aa
0c8521bc
e8e33945
a783fe9c
855aa98a
40f98db3
001dbd93
00f99363
36b1855e
47910905
01b47433
11e30a11
85a2f8f9
45324426
449640b6
59f24906
5ad25a62
5bb25b42
5c925c22
4df25d02
b30d6161
05136515
bf254945
ffc5f693
d00e0837
87aa96aa
eed80813
00d79c63
5aa5c6b7
ffc5f713
33c68693
02b76b63
80824505
0007a883
00c7c733
01074733
00478313
01170d63
a42366a1
67a1a4f6
a4e7a223
a02367a1
4501a517
879a8082
0833bf75
47b300e5
8fb500c8
0107d893
0117c7b3
0087d893
0117c7b3
00084883
0ff7f793
0ff8f313
00f88c63
24236721
6721a507
a4f72223
a02367a1
bf75a467
b7690705
4000c7b7
8bc1439c
1141eb85
842ac422
05136515
c6064dc5
8522348d
65153cb9
50850513
65153c99
51c50513
40b234b9
45014422
80820141
80824505
c4221141
842ac606
c51d3f75
a70367a1
07b7a6c7
45052040
02f70163
05136515
3c3155c5
3c218522
05136515
3c015685
05136515
342158c5
40b24501
01414422
65158082
05137179
d6065e05
d226d422
ce4ed04a
ca56cc52
c65ec85a
c266c462
378dc06a
14050c63
05136515
6a215fc5
af4a2983
9cbff0ef
23c00537
65153af9
4a450513
9bbff0ef
05136541
f0efa005
65159cdf
62450513
9a7ff0ef
0b934481
0c370500
0c9323c0
0b131400
8d330c80
49010374
854a85a6
8aaa34a9
051385a6
34810019
85a6842a
00290513
05423c1d
8c490422
051385a6
34250039
00295793
01546433
8d410562
c7b397ea
09112187
11e3c388
0485fd99
fb649be3
0330000f
4000c7b7
26034711
0693af4a
4f8c3e70
c737c3d8
27834000
8f91af4a
08f6d063
67214481
a3c72783
64216515
2e230785
2783a2f7
0513af4a
87b36385
2c234137
f0efa2f4
c4bd8fdf
05136515
f0ef4385
65158f1f
48450513
8e7ff0ef
a3842503
8fbff0ef
05136515
f0ef6505
c7b78d5f
4bc84000
8e7ff0ef
50b25422
59025492
4a6249f2
4b424ad2
4c224bb2
4d024c92
05136519
6145d245
8a7ff06f
4f08431c
f6a58be3
0227f793
02000513
f6a795e3
bf854485
05136515
bf515d85
542250b2
59025492
4a6249f2
4b424ad2
4c224bb2
4d024c92
80826145
ffc5f713
d00e0837
00e506b3
081387aa
9963eed8
c6b700d7
86935aa5
6b6333c6
808200b7
00f648b3
0108c8b3
0117a023
b7c50791
00e50833
010647b3
d8938fb5
c7b30107
d8930117
c7b30087
f7930117
00230ff7
070500f8
6515b7d9
0513715d
c6866605
c0cac2a6
dc52de4e
d65ed85a
d266d462
c4a2d06a
ce6eda56
feaff0ef
24000537
ffeff0ef
05136515
f0ef6845
0537fd8f
f0ef0010
6515fecf
69850513
fc6ff0ef
f0ef4511
6519fdcf
d2450513
fb6ff0ef
00400537
977ff0ef
9e378bb7
1357ac37
000409b7
a5a56a37
6d156c95
0937c22a
44812400
8b934b05
0c139b9b
19fdbdfc
a5aa0a13
49cc8c93
494d0d13
84330485
65150374
051367a1
44336a05
a0230184
f0efa887
8526f60f
f76ff0ef
05136515
f0ef61c5
854af50f
f66ff0ef
05136515
f0ef6a85
8522f40f
f56ff0ef
05136519
f0efdb45
6821f30f
a9882a83
013476b3
01045d93
0016e693
872288ee
00040537
00d71793
d7138fb9
8fb90117
00579713
0138f5b3
c7b38f3d
c5b32125
c5b300e7
c38c0145
98b6157d
000ffd61
07370330
17930004
8fa100d4
0117d593
94138fad
f5330057
8c3d013d
21254533
008545b3
0145c5b3
c436c63a
805ff0ef
46a24732
177d6821
f7719db6
a9882783
84338566
341340fa
93630014
856a00fa
e96ff0ef
27836721
7b33a847
0785008b
a8f72223
010007b7
4791993e
f0f492e3
45124426
449640b6
59f24906
5ad25a62
5c225bb2
5d025c92
85da4df2
61615b42
85dff06f
ca567179
c85a6aa1
a98aab03
ce4ed04a
8937cc52
89b79e37
8a3792d4
d4226d2b
c65ed226
d606c462
440184aa
24000c37
9b990913
60a98993
9f5a0a13
85224bf9
8cdff0ef
07b30405
95620324
c7338fa9
e0990137
0147c733
12e3c118
000fff74
89370330
89b79e37
8a3792d4
44016d2b
24000c37
9b990913
60a98993
9f5a0a13
85224bf9
889ff0ef
07b30405
95620324
c5b38fa9
e0990137
0147c5b3
f00ff0ef
ff7411e3
a98aa503
542250b2
41650533
59025492
4a6249f2
4b424ad2
4c224bb2
00153513
80826145
11416515
6b050513
c226c606
c422c04a
d7aff0ef
05136515
f0ef6c05
6515d70f
6c850513
d66ff0ef
24000537
d7aff0ef
05136515
f0ef4a45
0537d54f
f0ef0400
6515d68f
6e850513
d42ff0ef
f0ef4579
6515d58f
6f450513
d32ff0ef
04000537
ef2ff0ef
4501892a
84aa3dc1
6795ed15
49c78513
d16ff0ef
05136515
f0ef7085
4505d0cf
842a3d55
6795e505
49c78513
cfaff0ef
0084f5b3
40b24422
854a4492
01414902
eecff06f
85136795
b7d94947
85136795
bfe94947
71796515
4000c7b7
76850513
d422d606
ca56ce4e
aa83c85a
c65e01c7
d2265380
0247ab83
ab03d04a
cc520287
f0efc462
67a1ca4f
af47a503
00845993
0079f993
caeff0ef
05136515
f0ef7785
67a1c88f
af07a503
c9aff0ef
05136515
f0ef78c5
67a1c74f
ad47a503
c86ff0ef
05136515
f0ef7a05
67a1c60f
ae07a503
c72ff0ef
05136515
f0ef7b05
67a1c4cf
adc7a503
c5eff0ef
05136515
f0ef7bc5
67a1c38f
ad87a503
c4aff0ef
05136515
f0ef7cc5
67a1c24f
ad07a503
c36ff0ef
05136515
f0ef7e05
67a1c10f
acc7a503
c22ff0ef
05136515
f0ef7f05
47b7bfcf
47884000
c0eff0ef
05136519
f0ef8005
67a1be8f
ac47a503
bfaff0ef
05136519
f0ef8205
67a1bd4f
ac07a503
be6ff0ef
05136519
f0ef82c5
67a1bc0f
ab47a783
48078663
05136515
f0ef71c5
6519bacf
83850513
ba2ff0ef
a50367a1
6921ab07
f0ef6a15
6519bb0f
84850513
b8aff0ef
a50367a1
6499aac7
b9aff0ef
05136519
f0ef8585
67a1b74f
aa47a503
b86ff0ef
05136519
f0ef86c5
67a1b60f
aa87a503
b72ff0ef
05136519
f0ef87c5
67a1b4cf
aa07a503
b5eff0ef
05136519
f0ef8905
2503b38f
f0efa989
0513b4cf
f0ef484a
67a1b28f
a9c7a503
b3aff0ef
8a048513
b16ff0ef
a78367a1
8563a887
65153e07
43850513
b02ff0ef
05136519
f0ef8ac5
67a1af8f
a847a503
f0ef6c21
6519b08f
8c050513
ae2ff0ef
a50367a1
f0efa807
6519af4f
8d450513
aceff0ef
a7cc2503
ae2ff0ef
05136519
f0ef8ec5
67a1abcf
a787a503
aceff0ef
05136519
f0ef9085
67a1aa8f
a707a503
abaff0ef
05136519
f0ef9145
2783a94f
9963a7cc
65193607
92c50513
a82ff0ef
05136519
f0ef9345
0537a78f
f0ef2040
6519a8cf
94450513
a66ff0ef
22c00537
a7aff0ef
05136519
6c219545
a52ff0ef
a6cc2503
a66ff0ef
05136519
f0ef9645
2503a40f
07b7a6cc
953edfc0
a4eff0ef
05136519
f0ef9745
2783a28f
0537a6cc
6c2122c0
f0ef8d1d
6519a34f
98850513
a0eff0ef
a50367a1
f0efa687
6519a20f
99850513
9faff0ef
a50367a1
f0efa647
6519a0cf
9ac50513
9e6ff0ef
a50367a1
f0efa607
65199f8f
9c450513
9d2ff0ef
a50367a1
f0efa5c7
65199e4f
9d050513
9beff0ef
a58c2503
9d2ff0ef
05136519
f0ef9e45
67a19acf
a547a503
9beff0ef
05136519
f0ef9fc5
67a1998f
a4c7a503
9aaff0ef
05136519
f0efa145
2783984f
9d63a58c
65192607
92c50513
972ff0ef
05136519
f0efa285
40ef968f
f0ef0740
6c1597cf
444c0513
956ff0ef
06a040ef
96aff0ef
484a0513
946ff0ef
062040ef
95aff0ef
05136519
f0efa3c5
40ef934f
f0ef0580
8513948f
f0ef8a04
40ef924f
19630300
65192205
92c50513
912ff0ef
05136519
f0efa485
40ef908f
f0ef37c0
051391cf
f0ef444c
40ef8f8f
f0ef3740
051390cf
f0ef484a
40ef8e8f
f0ef36c0
65198fcf
a5c50513
8d6ff0ef
362040ef
8eaff0ef
05136519
f0efa6c5
40ef8c4f
f0ef3680
85138d8f
f0ef8a04
40ef8b4f
1c633280
65191c05
92c50513
8a2ff0ef
05136519
f0efa7c5
40ef898f
f0ef32c0
64958acf
46c48513
886ff0ef
322040ef
89aff0ef
05136519
f0efa945
0537874f
f0ef23c0
6515888f
4a450513
862ff0ef
05136541
f0efa005
6519874f
ab050513
84eff0ef
a50367a1
f0efa3c7
0513860f
f0ef484a
67a183cf
a387a503
84eff0ef
05136519
f0efac05
c7b7828f
439c4000
8f638bc1
65151407
71c50513
812ff0ef
05136519
ca37adc5
f0ef4000
2503804f
f0ef000a
6519818f
aec50513
ff3fe0ef
010a2503
806ff0ef
05136515
e0ef6505
2503fe1f
e0ef014a
6519ff5f
afc50513
fcffe0ef
018a2503
e0ef6a19
6519fe1f
b0850513
fbbfe0ef
05136519
e0efb1c5
6519fb1f
b3c50513
fa7fe0ef
48335537
23550513
fb7fe0ef
05136519
e0efb4c5
8556f91f
fa7fe0ef
05136519
e0efb585
855ef81f
f97fe0ef
05136519
e0efb685
855af71f
f87fe0ef
05136519
e0efb7c5
57b7f61f
87934c44
99630357
37b70afa
87933234
89631327
651508fb
72050513
f3ffe0ef
b8ca0513
f37fe0ef
05136515
a07d7245
05136515
bea57205
05136515
b9295d85
a78367a1
c789a747
05136515
b1694385
05136515
b1495d85
a78367a1
c789a507
05136515
b3494385
05136515
bbad5d85
61b030ef
6515c509
43850513
6515b3f1
5d850513
40efb3d1
c5091840
05136515
b51d4385
05136515
bd395d85
05136515
b55d7205
414457b7
c3578793
f6fb15e3
05136515
b79d71c5
554c57b7
03578793
04fa8f63
05136515
e0ef7205
0513e91f
e0efb8ca
6515e89f
74050513
e7ffe0ef
05136519
e0efba45
8522e75f
e8bfe0ef
05136519
e0efbb45
57b7e65f
87934c44
8b630357
57b704fa
8793554c
07370357
85635344
651504fa
76050513
57b7a0b9
87935344
86632357
651500fb
72050513
57b7a811
87934148
18e33357
6515fefb
71c50513
e17fe0ef
b8ca0513
e0ffe0ef
05136515
b7597485
4c440737
8fe177c1
fae79be3
05136515
e0ef7585
6519df1f
bc050513
de7fe0ef
00147793
10079863
05136515
e0ef7205
6519dd5f
bcc50513
dcbfe0ef
00247793
0e079e63
05136515
e0ef7205
6519db9f
bdc50513
daffe0ef
00447793
0e079463
05136515
e0ef7205
6519d9df
bec50513
d93fe0ef
00847793
0c079a63
05136515
e0ef7205
6519d81f
c0050513
d77fe0ef
01047793
0c079063
05136515
e0ef7205
6519d65f
c0850513
d5bfe0ef
e0ef854e
6519d71f
c1850513
08047413
d47fe0ef
6515cc51
71c50513
d3bfe0ef
731020ef
7ea030ef
a9892783
6519cf95
c2450513
d23fe0ef
a50367a1
e0efa947
8513d35f
e0ef46c4
67a1d11f
a907a503
d23fe0ef
05136515
e0ef4785
67a1cfdf
a8c7a503
d0ffe0ef
50b25422
59025492
4a6249f2
4b424ad2
4c224bb2
05136519
6145c405
cd3fe06f
05136515
bdd571c5
05136515
b72171c5
05136515
bf3171c5
05136515
bf0571c5
05136515
b79171c5
05136515
b79d7205
a70366a1
5a63a6c6
67210005
a6072783
0785557d
a6f72023
06378082
05b3dfc0
07b700c7
e2e30280
07b7feb7
8f9922c0
fca7ede3
07b3c905
a62300a7
65a1a6f6
a645a783
a2230785
a783a6f5
65a1a6c6
a685a503
776397b2
a78300f5
97b2a6c6
a6f5a423
8082853a
fff50713
fa6357bd
672100e7
a6072783
07854501
a6f72023
053d8082
99411141
3f9dc606
136357fd
450100f5
014140b2
e06f8082
e06fbe9f
e06fc01f
e06fc19f
6721c57f
aa072a23
ae2367a1
67a1aa07
aa07ac23
a22367a1
67a1ac07
ac07a023
400046b7
02000637
8ff1469c
4785c789
aaf72a23
4a9c8082
67a1bfc5
aa07aa23
67a18082
ac47a503
67a18082
ac07a503
67a18082
af47a503
67218082
af472683
af472783
e3638f95
808200a7
bfcd0001
0330000f
05378082
80822010
20400537
bf3d8082
a50367a1
07b7a6c7
953edfc0
00a03533
67a18082
a6c7a503
dfc007b7
8082953e
a78367a1
0537a6c7
8d1d22c0
e06f8082
6721c65f
aea72023
2e236721
6721acb7
acc72c23
80000737
1063071d
672114e5
af072783
852e1141
28230785
6721aef7
af472783
07a9c606
aef72a23
549030ef
a78367a1
c7b5ab47
4837659d
68a14000
02000e37
6ea16721
6e858593
63216521
00882783
acf8a423
ac88a783
01c7f7b3
2603e3a9
27830108
a683abc7
0785ab8e
03f7f793
00d79863
ac032783
20230785
b7f9acf3
abc72683
0ff67613
802396ae
2e2300c6
2783aaf7
0785ac45
acf52223
6721bf45
ae872803
28836789
8793aec7
97c27107
0107b533
aef72423
011506b3
aed72623
ae872603
400007b7
aec72683
cbd8577d
cbd4cb90
a70366a1
67a1a306
c315177d
a2e6a823
a70366a1
177da2c6
a623c715
a703a2e6
40b2a347
400087b7
0141c398
07138082
a8230320
a703a2e6
4713a347
aa230807
b7f9a2e7
a6234729
6621a2e6
a347a683
a2862703
f806f693
aa238ed9
0706a2d7
08000693
00d70563
a2e62423
4705bf4d
6721bfe5
ad472783
2a230785
07b7acf7
577d4000
cb98cbd8
67a1cbd8
0ff00713
a2e7aa23
a347a703
400087b7
0001c398
67a1bffd
a207aa23
a347a703
c7067175
c326c522
decec14a
dad6dcd2
d6ded8da
d2e6d4e2
ceeed0ea
400087b7
07b7c398
67212040
a6f72623
a42367a1
67a1a607
a607a223
a02367a1
67a1a607
a407ae23
40004737
36400793
4785c35c
0737c31c
c31c4000
03200693
28236721
6721a2d7
262346a9
6721a2d7
a2f72423
400007b7
479447d0
1de347d8
6709fee6
71070713
36b39736
853a00d7
24236721
85b3aea7
262300c6
2603aeb7
2683ae87
577daec7
cb90cbd8
0793cbd4
a0730800
47a13047
3007a073
02faf637
08060613
12600593
10a00513
125010ef
05136519
e0efc485
65198ddf
c6450513
8d3fe0ef
85136799
e0efb1c7
65198c9f
c7450513
8bffe0ef
48335537
23550513
8cffe0ef
85136499
e0efd244
65198a9f
c8850513
89ffe0ef
05136519
e0efcb45
6519895f
cec50513
88bfe0ef
05136519
e0efd285
6519881f
d6450513
877fe0ef
85136795
e0ef6c07
651986df
d7450513
863fe0ef
20000537
877fe0ef
05136519
e0efd885
0537851f
e0ef2400
6519865f
da850513
83ffe0ef
20100537
e0ef6419
0513851f
e0efdb84
053782df
157d2040
83ffe0ef
05136519
e0efdbc5
0537819f
e0ef2040
051382df
e0efdb84
0537809f
157d22c0
81bfe0ef
05136519
e0efdc85
0537ff4f
e0ef22c0
0513809f
e0efdb84
0537fe4f
157d23c0
ff6fe0ef
05136519
e0efdd45
0537fd0f
e0ef23c0
8513fe4f
e0efd244
6519fc0f
de850513
fb6fe0ef
05136519
e0efe2c5
6519facf
e6450513
fa2fe0ef
26836a21
6705af4a
4000c437
38770713
8bc1401c
6519c3d1
5a850513
f82fe0ef
85936599
65415d05
a63fe0ef
d77fe0ef
57b74c58
8793554c
1a630357
651900f7
ea450513
f5afe0ef
10ef4505
65191f40
ecc50513
f4afe0ef
87936799
c23e68c7
87936795
c43e7487
87936795
6a997247
0513c63e
e0ef02f1
dd65f86f
02f14403
10ef8522
47850090
fef505e3
1a634789
f0ef02f5
bff1a3af
af4a2783
79e38f95
6519f6f7
5e850513
ef6fe0ef
05136519
e0ef6145
6519eecf
65450513
ee2fe0ef
0793b779
ec6307a0
07930087
ec6303e0
47a90087
78f40b63
086347b5
852278f4
ea2fe0ef
0793b779
f793fc14
07130ff7
66e303b0
4712fef7
20e7c7b3
8782439c
05136519
e0efee85
6519e98f
ef850513
e8efe0ef
05136519
e0eff0c5
6519e84f
f4c50513
e7afe0ef
85136795
e0ef6c07
6519e70f
f6050513
e66fe0ef
05136519
e0eff7c5
6519e5cf
fb450513
e52fe0ef
05136519
e0effe45
6519e48f
01450513
e3efe0ef
05136519
e0ef0485
6519e34f
07850513
e2afe0ef
05136519
e0ef0ac5
6519e20f
0dc50513
e16fe0ef
05136519
e0ef11c5
6519e0cf
15c50513
e02fe0ef
05136519
e0ef1845
6519df8f
1c450513
deefe0ef
05136519
e0ef1fc5
6519de4f
21050513
ddafe0ef
660010ef
05136519
e0ef2245
8513dccf
e0ef244a
bd51dc4f
05136519
e0ef2485
d575b3ff
85936599
05372745
e0ef0010
bff1895f
05136519
e0ef29c5
d961b5ff
150020ef
359020ef
804ff0ef
6519b7c9
2b450513
b45fe0ef
20efd95d
20ef1360
e0ef33f0
b765d69f
05136519
e0ef2d05
dd51b2bf
11c020ef
325020ef
27836721
6519a7c7
2f050513
2e230785
6421a6f7
a6042823
d42fe0ef
85936599
05372745
e0ef0010
89aa821f
fa5fe0ef
e0ef892a
87aad1df
651966a1
04099063
04091563
2783c799
e793a704
28230047
aa23a6f4
6721a606
a7872783
31850513
2c230785
e0efa6f7
6515cf4f
5d850513
ceafe0ef
05136519
bf113345
a7042703
00176713
a6e42823
2703bf65
6713a704
28230027
dfd5a6e4
a7042783
0047e793
a6f42823
fa0987e3
fa0905e3
05134785
aa233185
e0efa6f6
6515ca4f
43850513
6519bf45
33c50513
a19fe0ef
ec0503e3
a70367a1
07b7a6c7
0b632040
651900f7
35c50513
c76fe0ef
05136519
b54538c5
27836721
6d21a587
07856b21
a4f72c23
a40d2823
a40b2623
a42367a1
67a1a407
a407a223
a02367a1
2783a407
6519af4a
3d050513
e0efc03e
0537c34f
e0ef2040
6519c48f
3ec50513
c22fe0ef
22c00537
c36fe0ef
05136515
e0ef4a45
0537c10f
e0ef0280
8513c24f
e0efd244
87b7c00f
67199e37
03010993
9b978793
1357adb7
8ff34937
79870c93
071386ce
4c057987
8d934b85
843ebdfd
78190913
ce36430c
852ecc3e
c82eca3a
f8cff0ef
475246f2
c28847e2
24050c63
00f57613
c21145c2
c6334b81
cc3601b7
c83eca3a
b39fe0ef
475247c2
97a246e2
06910711
fd2790e3
0330000f
1357a6b7
8ff34937
874e87e6
86934d85
8822bdf6
78190913
c5054308
4633438c
ca3a00d4
e0efc83e
a73784ff
86371357
06939e37
47c2bdf7
08134752
e1119b96
94424d81
07910711
fd2418e3
05136519
e0ef3f45
1c63b34f
65151c0c
49c50513
b26fe0ef
05136519
e0ef40c5
9463b1cf
65151c0b
49c50513
b0efe0ef
05136519
e0ef4245
9c63b04f
65151a0d
49c50513
af6fe0ef
18636419
05131a0c
e0ef4404
6515ae8f
05134901
e0ef49c5
000fadcf
87b70330
87939e37
a6b79b97
47371357
44058ff3
bdf68693
0713883e
a5037817
c51d0009
000ca583
00d7c633
e0efc83e
a737f96f
06931357
8737bdf7
08139e37
47379b97
47c28ff3
78170713
4401e111
099197c2
94e30c91
6519fce7
46050513
a76fe0ef
16041e63
05136515
e0ef49c5
0537a68f
f0ef0280
89aae2af
05136519
e0ef4805
8163a54f
65151609
49c50513
a46fe0ef
0b636515
8963000c
8763000b
0563000d
c0190009
14098463
af4a2783
05134702
440142c5
26238f99
2823a4fb
6721a40d
a5472783
2a230785
e0efa4f7
6515a08f
5d850513
9fefe0ef
05136515
e0ef4845
25039f4f
6921a4cb
a06fe0ef
05136519
e0ef4985
25039e0f
07b7a6c9
953edfc0
9eefe0ef
05136519
e0ef4a05
27839c8f
0537a6c9
8d1d22c0
9d6fe0ef
d2448513
9b2fe0ef
be0413e3
a78367a1
8ee3a487
6519bc07
4ac50513
99afe0ef
a50367a1
e0efa487
65159acf
46c50513
986fe0ef
a50367a1
e0efa447
6515998f
47850513
972fe0ef
a50367a1
e0efa407
8513984f
be51d244
4c014b81
6515b3d9
49450513
6515b535
49450513
6515bd35
49450513
0537b5b1
f0ef0040
892ad06f
e40505e3
c001d7b7
00d78613
004005b7
8c1fe0ef
0330000f
c001d7b7
8613854a
05b700d7
e0ef0040
892adfef
44040513
906fe0ef
e0090fe3
05136515
bd314945
05136515
b5614945
05136515
b54d4945
a78367a1
4702af47
42c50513
26238f99
4785a4fb
a4fd2823
8cefe0ef
05136515
b5d94385
05136519
e0ef4c45
08e3e42f
20efae05
b4e54e30
05136519
e0ef4e45
0ee3e2ef
10efac05
30ef45b0
bcc10160
05136519
e0ef50c5
02e3e16f
10efac05
bc7545d0
05136519
e0ef5245
08e3e02f
20efaa05
b4656420
05136519
e0ef5345
0ee3deef
4505a805
2ff000ef
00efbc49
b4714e90
05136519
e0ef54c5
00e3dd2f
20efa805
bca50760
e42fe0ef
e0efbc8d
6519958f
55c50513
6519b4ad
4000c7b7
b0850513
01c7a903
0247ab03
0287a983
816fe0ef
85136799
e0efb1c7
651980cf
b3c50513
802fe0ef
48335537
23550513
812fe0ef
05136519
d0ef59c5
854afedf
802fe0ef
05136519
d0efb585
855afddf
ff3fd0ef
05136519
d0efb685
854efcdf
fe3fd0ef
05136519
d0efb7c5
57b7fbdf
87934c44
64190357
04f91963
323437b7
13278793
00fb0c63
05136515
d0ef7205
0513f99f
d0efb8c4
a035f91f
414457b7
c3578793
fef992e3
05136515
d0ef71c5
0513f79f
d0efb8c4
57b7f71f
87934c44
1c630357
453204f9
57b7a01d
8793554c
05630357
651502f9
72050513
f4bfd0ef
b8c40513
f43fd0ef
05136515
d0ef7405
6519f39f
c4050513
96bff06f
534457b7
23578793
00fb0d63
05136515
d0ef7205
0513f19f
d0efb8c4
4522f11f
57b7bfc9
87934148
91e33357
bfbdfef9
4000a737
8b85475c
c708fff5
4000a737
8b85475c
4708fff5
0ff57513
a7b78082
47054000
0513c398
f06f0ff0
1141fd7f
a7b7c606
c4224000
a023c226
84aa0007
0ff00513
f0ef842e
e513fbbf
f0ef0404
5513fb3f
f0ef0184
5513fabf
75130104
f0ef0ff5
5513f9ff
75130084
f0ef0ff5
7513f93f
f0ef0ff4
0513f8bf
c4990950
051347a1
83630870
450500f4
f75ff0ef
05134441
f0ef0ff0
1793f6bf
d4636045
147d0007
40b2f47d
44924422
80820141
05131141
c6060ff0
c226c422
f45ff0ef
01851413
0ff00513
f39ff0ef
01051493
0ff00513
f2dff0ef
842a8cc1
0ff00513
f21ff0ef
04228d45
8d4140b2
44924422
80820141
18050463
cc221101
ce06c84a
c64eca26
c256c452
2023c05a
22230005
24230005
a7b70005
47054000
0713c398
892a07c0
4429c3d8
0ff00513
f0ef147d
f87ded3f
a22ff0ef
498584aa
5db00a13
45014581
eebff0ef
f0ef842a
0f63ed5f
f0ef0b34
07b3a04f
73e34095
651dfefa
82850513
f793a059
44010044
f0efe3e9
6519eb1f
7cc50513
982ff0ef
f0ef8526
6519980f
d2450513
972ff0ef
a0354501
f21ff0ef
f0ef84aa
2423e89f
c8050099
400007b7
c4858cfd
01392223
a7374785
c35c4000
00f92023
40f24505
44d24462
49b24942
4a924a22
61054b02
22238082
05930009
45412000
e57ff0ef
f0ef842a
d469e41f
0513651d
f0ef8105
8522910f
4581b779
03a00513
e37ff0ef
d94984aa
e1fff0ef
05136519
b7bd7f85
1aa00593
f0ef4521
84aae1df
f53517e3
e95ff0ef
01451413
04138051
3413e564
f0ef0014
f0efdf1f
8a2a924f
01e41b13
0a934985
45815db0
03700513
de7ff0ef
f0ef84aa
e163dd1f
85da0299
02900513
dd3ff0ef
f0ef84aa
d4d1dbdf
8eeff0ef
414507b3
fcfaf9e3
05136519
bdfd7e05
80824501
1101c951
ce06ca26
c84acc22
84b2c64e
411cce01
415ccb91
05a6e391
f0ef4545
c919d91f
d7bff0ef
40f24501
44d24462
49b24942
80826105
89eff0ef
0993842a
09130fe0
05131f30
f0ef0ff0
0963d37f
f0ef0135
07b3884f
76e34085
b7d9fef9
09134401
05132000
f0ef0ff0
87b3d17f
80230084
040500a7
ff2417e3
0ff00513
d01ff0ef
0ff00513
cf9ff0ef
d13ff0ef
bf614505
80824501
c4221141
651d842a
85050513
e0efc606
c029fd5f
cb9d401c
05136515
e0ef71c5
651dfc5f
86050513
fbbfe0ef
c3a1405c
0513651d
e0ef83c5
651dfadf
86850513
fa3fe0ef
e0ef4408
a811fa1f
05136515
b7f17205
05136515
e0ef7205
4422f89f
651940b2
d2450513
e06f0141
651df79f
84850513
4703b7c9
47830015
07220005
47838f5d
45030025
07c20035
05628fd9
80828d5d
1101591c
ca26cc22
c64ec84a
842ace06
893284ae
03450993
555cc781
00b78b63
864e4008
f0ef85a6
c519eaff
d4444785
2023d81c
45050139
446240f2
494244d2
610549b2
71798082
89b2ce4e
d4220070
d04ad226
892ad606
843a84b6
fa5ff0ef
47b2c105
0e500513
8593483d
48ad2007
0007c683
00b7c703
4785ea99
4505c01c
542250b2
59025492
614549f2
80638082
0e6308a6
8b610707
4681eb3d
00d78633
00d98733
00064603
00074703
06e61163
95e30685
4709ff16
c403c018
c70301b7
268301a7
04220289
07138c59
9d630200
c70300e6
c6830157
07220147
07428f55
07128f41
00475413
0124a023
c480c0c0
0004a623
01c78513
eebff0ef
aa23c888
dd350004
00243513
00154513
8793bf95
9fe30207
b7a5f4b7
11015518
ca26cc22
ce06c84a
842a47c1
94938932
04630015
949300f7
441c0025
0094d593
95be0070
f0ef8522
c91debff
54184532
1ff4f493
952647c1
02f71a63
00154783
00054703
8fd907a2
ffe78693
c6b36741
17550806
65634501
202300d7
450500f9
446240f2
494244d2
80826105
e5bff0ef
10000737
fff70793
86938fe9
bfd1ffe7
00c54703
00b54683
072287aa
06938f55
45012000
04d71763
00d7c683
87134501
1613fff6
4e636047
8f750206
c703eb1d
c68300f7
072200e7
c7058f55
0107c703
177d4685
00e6ef63
1fe7c683
05500713
00e69963
1ff7c503
f5650513
00153513
80828082
4501e119
ddf58082
dfe5419c
dc227139
da26de06
d64ed84a
d256d452
ce5ed05a
c10ccc62
02052823
02052423
45810070
f0ef842a
c131dcff
852644b2
f61ff0ef
c703e931
07931fe4
18630550
c70302f7
07931ff4
12630aa0
851302f7
f0ef1c64
8aaad85f
85aac919
85220070
d95ff0ef
4532c509
f29ff0ef
4501ed19
546250f2
594254d2
5a2259b2
5b025a92
4c624bf2
80826121
49324a81
00f94a03
00e94783
01294b03
6a330a22
478300fa
44830119
0b220149
00fb6b33
01394783
01794983
8cdd04a2
01694783
470309a2
e9b300b9
478300f9
4b8300c9
07a20109
07138fd9
9ce32000
4c03f8e7
079300d9
9713fffc
44e36047
f7b3f807
f3c10187
f60a0fe3
fffb8793
6ae34705
c899f6f7
02099263
02490513
ccfff0ef
80e389aa
a809f609
02090513
cbfff0ef
8c6384aa
d5310209
033b8bb3
0b130b16
5b131ffb
07b3009b
97de016a
f297fbe3
d4b38c9d
67050384
60631751
651d0297
87050513
bf3fe0ef
0513bf29
f0ef0249
89aac7df
f00487e3
2223b76d
9a560154
24239abe
26230144
2c230154
2e230164
47830134
d04400d9
67c1d01c
eb6317d1
47c10097
d41c9bd2
01742823
00042a23
bdc94505
02000793
2823d41c
05130004
f0ef02c9
07b7c29f
87131000
17f9fff7
8d7d8f69
3533c858
b56d00a0
d6067179
d226d422
ce4ed04a
ca56cc52
c402c85a
4501ed01
542250b2
59025492
4a6249f2
4b424ad2
80826145
d66584b2
842a551c
4741d3ed
986389ae
490102e7
480ca819
86a60038
95ca864e
f0ef8522
d171c25f
4c180905
736347a2
d3f500e9
ffe78513
00153513
495cbf45
c63e4a81
501c4b32
09134a01
0933ffeb
445c02f9
501c993e
00fa6d63
85da0070
f0ef8522
d151cb7f
0a85505c
fd57fce3
0038bfad
864e86a6
012a05b3
f0ef8522
d52dbc9f
f7dd47a2
b7f10a05
7139c965
de06d05a
da26dc22
d64ed84a
d256d452
cc62ce5e
c1dd8b2e
491c4958
ef63842a
8f9908e7
eb638ab2
411c08c7
20000a13
0207a983
946309a6
4505000a
485ca049
f9334804
8c9d0337
0337dbb3
00995c13
1ff97913
412a07b3
0af4d4b3
d4b3445c
f6630b54
405c00fb
00042623
445cc41c
440c4008
0377ea63
87935118
0070ffe5
02e787b3
97ba4558
018785b3
ae5ff0ef
46b2c515
90634781
485c04f4
8ab39b26
97a6409a
bf41c85c
f0ef0070
c519bdff
c41c47b2
0785445c
bf55c45c
50f24501
54d25462
59b25942
5a925a22
4bf25b02
61214c62
87338082
97360127
00074603
00fb0733
00230785
b77500c7
80824501
c4221141
651d842a
8a450513
e0efc606
c0199c1f
eb89541c
0513651d
44228b05
014140b2
9abfe06f
02000713
02e79b63
0513651d
e0ef8945
651d999f
8b850513
98ffe0ef
e0ef4048
651d98df
8c850513
97ffe0ef
e0ef5008
651997df
d2450513
651dbf7d
89c50513
f06fb7f9
6721ea3f
b0872783
c0ca715d
de4e0785
69a1da56
6aa16921
b0f72423
b009a623
4000c7b7
b0092023
ae0aae23
dc524fd8
554c57b7
c6866a21
c2a6c4a2
ae0a2c23
03578793
02f70763
27836721
651db047
8f850513
22230785
e0efb0f7
4501909f
442640b6
49064496
5a6259f2
61615ad2
84aa8082
0513651d
e0ef9245
64218e9f
95c40513
ed8ff0ef
6721e919
b0472783
0513651d
07859485
b0f72223
0513bf7d
f0ef95c4
05938dff
641d95c4
72840513
b65ff0ef
6721e919
b0472783
0513651d
07859705
b0f72223
4785bf49
72840513
b0f9a623
ec1ff0ef
860a659d
b0458593
72840513
d05ff0ef
6721e919
b0472783
0513651d
07859945
b0f72223
47c2bfb9
0513651d
20239c05
e0efb0f9
4542859f
690d6999
853fe0ef
d2498513
847fe0ef
0513858a
10efbc29
e91926c0
27836721
651db047
9e450513
22230785
bf31b0f7
0830659d
af858593
72840513
c9dff0ef
659de505
85930830
0513aec5
f0ef7284
e92dc8bf
27836721
651db047
a1050513
22230785
b5d5b0f7
0413641d
57a28e04
0513651d
ae23a485
2c23aefa
e0efae8a
8522fd4f
fcefe0ef
05136515
e0ef4a45
5522fc4f
fc2fe0ef
d2498513
fb6fe0ef
083455a2
bc290613
10ef8522
ed194330
27836721
651db047
a5c50513
22230785
b561b0f7
0413641d
b7558ec4
0513651d
e0efa805
4505f80f
e6048ce3
3a8010ef
651dbd85
05131141
c606aa85
c422c226
f62fe0ef
a50367a1
64a1b087
f5afe0ef
05136515
e0ef4445
67a1f4cf
b047a503
f46fe0ef
0513651d
e0efab85
a783f38f
c3d1b0c4
05136515
e0ef71c5
6419f28f
d2440513
f1efe0ef
05136521
f0ef95c5
a783f32f
c791b0c4
0513651d
f0ef7285
651dd37f
ac450513
efafe0ef
a50367a1
e0efb007
651def4f
ad450513
ee6fe0ef
a50367a1
e0efafc7
651dee0f
ae450513
ed2fe0ef
a50367a1
e501af87
0513651d
e0efaa05
0513ec0f
4422d244
449240b2
e06f0141
6515eb0f
72050513
67a1bfbd
a7831141
c226b1c7
651584aa
c422c606
0513c04a
97824285
0413641d
d793f304
97a20044
c5036921
27030007
88bdb209
97029426
00044503
27834422
40b2b209
49024492
87820141
110167a1
b1c7a783
892ac84a
cc226515
c64eca26
ce06c452
42850513
9782649d
84934471
6a21f304
57b359f1
8bbd0089
270397a6
c503b20a
14710007
16e39702
40f2ff34
44d24462
49b24942
61054a22
11418082
6421c422
b1c42783
c606651d
b1050513
27839782
651db1c4
b1c50513
27839782
651db1c4
b2c50513
27839782
651db1c4
b3c50513
27839782
651db1c4
b4c50513
27839782
651db1c4
b6450513
27839782
651db1c4
b8050513
27839782
651db1c4
ba450513
27839782
4422b1c4
651d40b2
bb450513
87820141
c94a7135
27836921
651db1c9
cd22cf06
c74ecb26
c356c552
c0c50513
05939782
08080700
09f000ef
07000993
440184aa
6a996a1d
0b3559b3
07341263
005cc0d1
44018726
46298a3e
45b14525
02c776b3
86930405
80230306
86ba00d7
02c75733
06d56c63
147d69a1
008a0733
b209a783
00074503
f8659782
27834705
9963b1c9
651d04e4
be850513
40fa9782
44da446a
49ba494a
4a9a4a2a
8082610d
b1c92783
c2ca0513
081c9782
c50397a2
04050007
e3bff0ef
b1c92783
d24a8513
bfad9782
a78367a1
0513b207
97820300
b1c92783
0513651d
bf4dbf85
19e30785
b759f6b4
cd41872a
00054783
cbc94501
03000693
02d79463
00174783
86934665
f693fbf7
66630ff6
879300d6
f7930207
06930ff7
93630780
070900d7
46814601
48954865
4e094325
00c707b3
0007c783
4501e799
8023c631
450500d5
85138082
7513fbf7
6f630ff5
879300a8
f7930207
85130ff7
7513f9f7
e2630ff5
879302a8
a801fa97
fd078513
0ff57e93
ffd363e3
066387aa
069201c6
06058edd
4501b775
46658082
00054703
c783cf1d
e3990005
80824501
fbf70693
0ff6f693
00d66663
02070713
0ff77713
fbf78693
0ff6f693
00d66663
02078793
0ff7f793
fce79ae3
05850505
c503b7c1
35130005
80820015
a02367a1
67a1b2a7
b0b7ae23
ac2367a1
67a1b007
aa231141
67a1b007
a823c422
c606b007
2d098432
534157b7
f3178793
00f51a63
44228522
65e140b2
6a058593
a5190141
442240b2
80820141
c4221141
27836421
651db1c4
0513c606
9782c345
b1c42783
0513651d
9782c6c5
b1c42783
0513651d
9782c9c5
b1c42783
0513651d
9782cd85
b1c42783
0513651d
9782d145
b1c42783
0513651d
9782d4c5
b1c42783
40b24422
0513651d
0141d845
67218782
b1072783
de067139
da26dc22
d64ed84a
cbadd452
b0072823
0a6347a9
67a102f5
b147a783
7713e79d
07930df5
15630530
47850ef7
2a236721
6721b0f7
b0f72c23
842367a1
67a196a7
b207a783
47859782
67a1a8c9
b187a683
1f6347b5
67a142f5
96878793
802397b6
47850007
0cf68463
aa2367a1
67a1b007
b007ac23
28234785
a81db0f7
a78365a1
dfd1b145
47b56621
b1862683
fcf505e3
1f6347a9
67a13ef5
96878793
802397b6
47850007
08f68463
b005aa23
b0062c23
27836421
6919b1c4
d2490513
67a19782
87930078
44819687
02000593
48154525
0007c683
4789e2c5
0cf49763
659d44b2
dbc58593
f0ef8526
0063e15f
45421005
8593659d
f0efdc05
0863e05f
f0ef0e05
2783c7ff
6519b1c4
24450513
bf259782
04900693
0ae34781
50f2f0d7
54d25462
59b25942
853e5a22
80826121
c78367a1
46659687
fbf78693
0ff6f693
00d66663
02078793
0ff7f793
66a16621
07300593
b0062a23
b006ac23
00b78663
19e347b5
bf09f4f5
156347b5
478500f5
b0f72823
b7654789
0007c683
00b68463
00a69463
bfcd0785
8763daa9
04851504
c683c31c
85630007
86133606
8e630017
8c6334b6
87b234a6
8793b7ed
4991fff4
12f9e463
659d4532
dc858593
d43ff0ef
10050c63
9263478d
454216f4
8593659d
f0efe5c5
0163d2df
45521005
00910593
c81ff0ef
10051163
b1fff0ef
659dbf29
dc858593
f0ef8526
0f63d09f
44c20c05
8593659d
8526dcc5
cf7ff0ef
2e9dc13d
2ead84aa
b1c42783
651d892a
dd450513
85269782
a91ff0ef
b1c42783
0513651d
9782de45
f0ef854a
2783a7ff
651db1c4
df050513
2e519782
a6dff0ef
b1c42783
0513651d
9782dfc5
534157b7
f3178793
eaf483e3
b1c42783
0513651d
9782e105
659dbd59
e4458593
f0ef8526
c529c85f
2783268d
84aab1c4
0513651d
9782e4c5
00448513
27034791
e463b1c4
679d08a7
f1c78793
20f54533
97024108
b1c42783
0513651d
9782df05
f0ef260d
27839fbf
0513b1c4
b765d249
8593659d
8526dc05
c2fff0ef
e20517e3
b1c42783
0513651d
9782eb05
4a03b711
17930091
cde3604a
8552ee07
27832e19
84aab1c4
0513651d
9782e645
f0ef8552
2783965f
6519b1c4
db450513
85139782
27030044
f0e3b1c4
651df8a9
db450513
9763b749
45420b34
8593659d
f0efe705
dd59bc9f
05934552
f0ef0091
01e3b1ff
4983ea05
97930091
cbe36049
4562e807
00a10593
b05ff0ef
e80504e3
00a14a03
00b10613
85d2854e
000105a3
27832e71
84aab1c4
0513651d
9782e785
f0ef854e
27838e5f
651db1c4
e8850513
85529782
8d3ff0ef
b1c42783
05136519
9782db45
4503e491
f0ef00b1
b7318bdf
47910491
b1c42703
0097ea63
8793679d
c4b3f1c7
408820f4
bdc59702
0513651d
bfdddb45
9fe34795
4542eef4
8593659d
f0efe905
07e3b19f
4552ee05
00910593
a6dff0ef
de0508e3
00914983
60499793
de07c2e3
05934562
f0ef00a1
0be3a53f
4572dc05
00b10593
a45ff0ef
dc0504e3
00a14a03
00b14603
85d2854e
278324d9
84aab1c4
0513651d
9782e985
f0ef854e
2783829f
651db1c4
e8850513
85529782
817ff0ef
b1c42783
0513651d
9782ea85
00b14503
803ff0ef
b1c42783
05136519
9782db45
00448513
27034791
e7e3b1c4
679df4a7
f1c78793
20f54533
bf2d4108
47216421
b1842783
00e50663
07f00713
00e51f63
70e34705
17fdbaf7
b0f42c23
67a1651d
b1c7a783
ecc50513
8713b981
06930017
ff6303f0
67a100e6
b1c7a783
0513651d
9782ed05
aa2367a1
2c23b007
b695b004
b0e42c23
07136721
97ba9687
00a78023
8023b6a9
87b20007
bec90711
003d1737
90170713
400096b7
177d4609
97b7e719
471d4000
557dc398
42dc8082
0207f593
f593ed81
92e30037
c111fec5
d513c11c
05334847
808240a0
80825575
400097b7
c3984705
f06f4501
97b7fb7f
47094000
4501c398
fa9ff06f
ce061101
400097b7
470dc788
0068c398
f95ff0ef
47b2e509
e3918b91
40f25579
80826105
400097b7
80825388
400097b7
808253c8
f537e91d
051302fa
c99d0805
47850586
00b56863
02b557b3
177d6741
0ae7d7b3
40009737
0793cb1c
55330640
cb4802f5
00072c23
f9f98082
859365e1
b7f96a05
0fa00793
97b7bfd1
43c84000
11018082
97b7ce06
47194000
0068c398
f15ff0ef
4532e901
68b51513
48b55513
40a00533
610540f2
17938082
c8636045
11410207
c606c422
f0ef842a
ed01f2bf
00141513
0fe57513
f39ff0ef
f0ef842a
c011f25f
40b28522
01414422
55718082
11018082
ca26cc22
c64ec84a
ce06c256
892ac452
440189ae
0a9344a1
fa130780
85520ff4
fa7ff0ef
0863e911
76630009
07b30134
80230089
04050147
90e30485
40f2ff54
44628522
494244d2
4a2249b2
61054a92
17938082
cc636045
11410407
c226c422
c606c04a
842e84aa
c2198932
c19d5571
e91ff0ef
9513e105
75130014
f0ef0fe5
84aae9ff
e0999922
00891c63
e83ff0ef
8526c091
442240b2
49024492
80820141
00044503
f0ef0405
84aae77f
5571bfe9
11018082
00b10623
00c106a3
4609006c
f0efce06
40f2f91f
80826105
ce061101
ca26cc22
c64ec84a
84aac241
60451793
0607cc63
893289ae
e19ff0ef
e919842a
f4930486
85260ff4
e25ff0ef
c919842a
e0fff0ef
852240f2
44d24462
49b24942
80826105
f0ef854e
842ae07f
f0eff175
842ade3f
e513fd71
f0ef0014
842adf3f
4795f961
400094b7
f0efc09c
842ad87f
44dcf161
00f90023
40f24462
494244d2
610549b2
dbbff06f
b76d5471
87b34681
073300d5
683300d5
781300f7
1d630038
8e150208
ffc67593
9b634681
769302b6
9736ffc6
8a0d97b6
05334681
85b300d7
196300d7
808202d6
0007c783
f7930685
00230ff7
bf6500f7
fed618e3
b7d94601
00f68833
00082803
00e68533
20230691
bf650105
0005c583
f5930685
00230ff5
bf6500b5
edb886b7
57fd4701
32068693
00b71563
fff7c513
06338082
460300e5
8fb10006
d8134621
8b850017
40f007b3
167d8ff5
00f847b3
0705f67d
1141bfd1
842ac422
0513651d
c606f445
aaffd0ef
d0ef4808
6515aadf
4a450513
a9ffd0ef
d0ef4848
651da9df
f4c50513
a8ffd0ef
d0ef4c08
651da8df
f5450513
a7ffd0ef
d0ef4c48
651da7df
f6050513
a6ffd0ef
d0ef5008
651da6df
f6c50513
a5ffd0ef
d0ef5048
4422a5df
651940b2
d2450513
d06f0141
4950a49f
510c4d58
204006b7
40c687b3
972e9bc1
06e7e663
20100737
06e7e263
00f60733
04e6ee63
cc221101
480c842a
04000737
00e78533
64a1ca26
b2f4a823
c62ace06
e95ff0ef
a79fd0ef
4532484c
f01ff0ef
67a15058
b2a7a623
00e50c63
b204a823
b207a623
40f24501
44d24462
80826105
470567a1
b2e7a223
b7f54505
80824501
c04a1141
27836921
c606b249
c226c422
67a1c3bd
b307a783
6421cfb9
9a840493
488848d0
040005b7
f0ef95be
509ce2bf
47014cd0
0027d593
0037f693
9a840413
04e59263
9bf1ca99
470197b2
00e78633
00060023
9be30705
d0effee6
484c9e3f
f0ef4808
505ce6bf
02a78463
222367a1
aa23b209
4501b207
442240b2
49024492
80820141
20c74533
20230705
bf4d0005
27836721
0785b287
b2f72423
0000100f
bfd94505
ca261101
c64ec84a
cc22ce06
648589aa
96bfd0ef
8493892a
854e3874
90bfd0ef
ed19842a
957fd0ef
412507b3
fef4f7e3
852240f2
44d24462
49b24942
80826105
b7fd4405
37374114
07133144
87aa3487
08e69263
07134154
45010400
06e69d63
46854798
06d71963
966347d4
4b9006e6
20100737
06e61163
05b74bd4
87130030
7a63fff6
4fd804b7
40c70833
0505e563
0207a803
204005b7
ee638d99
4f8c0305
02c5eb63
f86396b2
666302d5
769302d7
e2950037
06b79742
ee632040
871300e6
87930287
43140407
0711e691
fee79de3
80824505
80824501
aa2367a1
67a1b207
b207a223
a82367a1
67a1b207
b207a623
67218082
b5872783
d4d27119
2c230785
67a1b4f7
b207a223
a82367a1
67a1b207
d0dad2d6
b207a623
67a16a21
6b216aa1
de86daa6
d8cadca2
ceded6ce
2a23cce2
a423b20a
ae23b207
2023b20a
d0efb40b
84aa83df
d0ef0808
892afe0f
651dfd65
f7450513
fcafd0ef
09934401
081c0400
00878533
e9dff0ef
1c050363
18e30405
0808ff34
ed1ff0ef
6721e131
b5472783
2a230785
d0efb4f7
8d05ff4f
a42367a1
651db4a7
f8450513
f86fd0ef
f0ef0808
50f6cc5f
54d65466
5a2659b6
5b065a96
4c664bf6
5946854a
80826109
f0ef0808
651dca5f
fa050513
f56fd0ef
8bb75c02
4981edb8
8b93547d
5792320b
04f9e963
441357d2
ae23fff4
2023b28a
d0efb4fb
57d2faaf
0a878063
27836721
0785b547
b4f72a23
f76fd0ef
8d0567a1
b4a7a423
0513651d
d0effd45
5552f08f
f06fd0ef
05136515
d0ef4785
8522ef8f
0513a805
f0ef00f1
e91ddcff
27836721
0785b547
b4f72a23
f36fd0ef
67a18d05
b4a7a423
0513651d
d0effac5
854eec8f
ec6fd0ef
05136519
d0efd245
bf25eb8f
00f14703
013c07b3
00e78023
47a18c39
00145713
04338805
74334080
17fd0174
f7fd8c39
b7a10985
47816721
9a870713
04000693
95be080c
8633418c
079100e7
99e3c20c
0808fed7
c27ff0ef
e1056421
27836721
0785b547
b4f72a23
eb2fd0ef
24238d05
651db4a4
fec50513
f0efb779
e105c83f
27836721
0785b547
b4f72a23
e8efd0ef
24238d05
651db4a4
02050513
4785b7ad
b2fa2a23
e76fd0ef
24238d05
651db4a4
04c50513
e0afd0ef
b4842503
d0ef4905
6519e04f
d2450513
df6fd0ef
6721bd9d
b5472783
2a230785
d0efb4f7
8d05e40f
a42367a1
651db4a7
06050513
0f63bf29
67211e05
b5872783
c6ce711d
2c230785
67a1b4f7
b207a223
a82367a1
67a1b207
c2d6c4d2
b207a623
67a169a1
6aa16a21
cca2ce86
c8cacaa6
892ec0da
b207a423
aa2384aa
2e23b209
a023b20a
d0efb40a
842addcf
0513651d
d0ef07c5
0613d74f
858a0400
9482854a
6721ed0d
b5472783
2a230785
d0efb4f7
8d01db4f
a42367a1
651db4a7
09050513
d46fd0ef
40f64501
44d64466
49b64946
4a964a26
61254b06
850a8082
c51ff0ef
6721e515
b5472783
2a230785
d0efb4f7
8d01d74f
a42367a1
651db4a7
f8450513
d06fd0ef
f0ef850a
bf6da45f
f0ef850a
4b42a3df
854a4652
948285da
6721e10d
b5472783
2a230785
d0efb4f7
8d01d38f
a42367a1
651db4a7
0ac50513
d0efb751
45d2d42f
f0ef855a
57929cbf
b2aa2e23
a02384aa
8263b4fa
672104a7
b5472783
2a230785
d0efb4f7
67a1cfcf
a4238d01
651db4a7
fd450513
c8efd0ef
d0ef5512
6515c8cf
47850513
c7efd0ef
d0ef8526
6519c7cf
d2450513
6721b725
07134781
06939a87
05b30400
418c00f1
00e78633
c20c0791
fed799e3
f0ef850a
64a1a09f
6721e105
b5472783
2a230785
d0efb4f7
8d01c94f
b4a4a423
0513651d
b5cdfec5
a65ff0ef
6721e105
b5472783
2a230785
d0efb4f7
8d01c70f
b4a4a423
0513651d
bd7d0205
aa234785
d0efb2f9
8d01c58f
b4a4a423
0513651d
d0ef0c85
a503becf
d0efb484
6519be8f
d2450513
bdafd0ef
bd514505
80824501
478d7159
0793c43e
c63e0580
87936785
c83e5227
87936785
ca3e5267
87936785
cc3e52a7
87936785
ce3e52e7
87936785
d03e5827
87936785
d23e58a7
87936785
d43e4887
87936785
d63e5a07
201007b7
07b7d83e
07372040
06b722c0
da3e2400
07b7dc3e
de3a23c0
c4bac0be
d686c6be
d4a2c2b6
d0cad2a6
2ff000ef
00efc8aa
67c130b0
ccbe6721
a0078793
2783cebe
caaab507
28230785
67a1b4f7
b347a783
6721e39d
b4c72783
0513651d
07850e05
b4f72623
b1afd0ef
50b64501
54965426
61655906
00ef8082
e9192a50
27836721
651db4c7
12850513
26230785
bfd9b4f7
baafd0ef
929ff0ef
6721e919
b4c72783
0513651d
07851685
b4f72623
6421bf65
0413651d
05139a84
29031ac5
d0ef0184
4c08ac0f
abefd0ef
0513651d
d0ef1d85
4556ab0f
aaafd0ef
05136519
d0efd245
0513aa0f
d0ef0071
fd65aa0f
a9efd0ef
aeafd0ef
002884aa
842a9902
adefd0ef
69218d05
b4a92223
abafd0ef
64a1651d
1e050513
b284ac23
a66fd0ef
b384a503
a62fd0ef
05136515
d0ef4845
2503a54f
d0efb449
651da50f
1fc50513
a42fd0ef
a8afd0ef
a3efd0ef
05136519
d0ef8205
d0efa30f
d0efa80f
651da2cf
21450513
a1efd0ef
02e34505
6721f004
b4c72783
26230785
bdcdb4f7
1141651d
25850513
c422c606
9fafd0ef
a78367a1
8c63b347
65151407
71c50513
9e6fd0ef
0513651d
d0ef2705
67a19dcf
b587a503
9d6fd0ef
0513651d
d0ef2805
67a19c8f
b547a503
9c2fd0ef
0513651d
d0ef2945
67a19b4f
b487a503
9aefd0ef
0513651d
d0ef2ac5
67a19a0f
b247a783
10078363
05136515
d0ef71c5
651d98cf
2bc50513
982fd0ef
a50367a1
6421b287
9a840413
976fd0ef
0513651d
d0ef2c85
4848968f
966fd0ef
0513651d
d0eff4c5
4c08958f
956fd0ef
0513651d
d0eff605
5008948f
946fd0ef
0513651d
d0ef2dc5
67a1938f
b407a503
932fd0ef
05136515
d0ef4785
67a1924f
b3c7a503
91efd0ef
0513651d
d0ef2f85
67a1910f
b307a503
90afd0ef
0513651d
d0ef3045
67a18fcf
b2c7a503
8f6fd0ef
0513651d
d0ef3145
67a18e8f
b507a503
8e2fd0ef
0513651d
d0ef3285
67a18d4f
b4c7a503
8cefd0ef
0513651d
d0ef33c5
67a18c0f
b447a503
8bafd0ef
0513651d
d0ef3505
67a18acf
40b24422
b387a503
d06f0141
65158a0f
72050513
6515b575
72050513
4683bdfd
47830005
47030015
45030025
07a20035
8fd90742
05628fd5
80828d5d
45e54781
48854825
07334641
468300f5
ce950007
fdf6f713
fbf70713
0ff77713
02e5f263
fd068713
0ff77713
00e87c63
fd368713
0ff77713
00e8f663
05f00713
00e69563
92e30785
4501fcc7
17ed8082
450146a9
fef6ece3
ffc74683
02e00793
fef696e3
ffd74783
05700693
0df7f793
fcd79ee3
ffe74783
04100693
0df7f793
fcd796e3
fff74503
0df57513
fbc50513
00153513
47038082
07930005
00630490
450102f7
45018082
542250b2
59025492
4a6249f2
4b424ad2
61454bb2
71798082
d606d422
d04ad226
cc52ce4e
c85aca56
4703c65e
07930015
842a0570
fcf715e3
00254703
04100793
faf71fe3
00354703
04400793
faf719e3
89ae0511
8ab68b32
ee3ff0ef
0513892a
f0ef0084
07b7ed9f
07131000
17f9fff9
e6e384aa
e4e3f8e7
87b3f8a9
171340a9
eee30049
942af6e7
85224b81
eafff0ef
05138a2a
f0ef0044
e2e3ea5f
8a33f749
6ee34149
0b85f4aa
10e30441
2023ff79
a023012b
4505009a
1101b7a1
c84aca26
ce06c64e
89aacc22
c0ef6485
892af55f
38748493
c0ef854e
842aef5f
c0efed19
07b3f41f
f7e34125
40f2fef4
44628522
494244d2
610549b2
44058082
1141b7fd
c226c422
c606c04a
440184aa
87b34941
c5030084
c5110007
c0ef0405
18e3ea5f
40b2ff24
44924422
01414902
11418082
842ac422
0513651d
c6063605
e87fc0ef
02040513
fbbff0ef
0513651d
c0ef3685
4808e75f
e73fc0ef
05136515
c0ef4a45
4848e65f
e63fc0ef
0513651d
c0eff6c5
4c08e55f
e53fc0ef
40b24422
05136519
0141d245
e3ffc06f
ae2367a1
8082b407
27836721
7175b787
dad6dcd2
d6ded8da
0785d4e2
6ba16b21
6a216c21
c3266aa1
c522c706
decec14a
d0ead2e6
2c23ceee
2e23b6f7
a423b40b
2623b60b
2223b60c
a023b60a
c0efb60a
84aae49f
c0ef0808
89aadedf
651dfd65
37050513
dd7fc0ef
09134401
0c930400
85330101
f0ef008c
0563ebdf
04052205
ff2417e3
37b74742
87933157
16633487
47d206f7
06879363
470547e2
04e79f63
1c634772
570204f7
22c007b7
04f71763
07b75712
17d10100
e0631751
57b204e7
1808ef8d
d0dff0ef
101cc90d
030ca903
02091563
9be30c91
0808fefc
ecbff0ef
0513651d
8db74285
c0efedb8
4d01d51f
547d5c82
320d8d93
6721a075
b7472783
2a230785
c0efb6f7
8d05d91f
a82367a1
651db6a7
38050513
d23fc0ef
f0ef0808
40bae89f
449a442a
5a66490a
5b465ad6
5c265bb6
5d065c96
854e4df6
614959f6
00688082
defff0ef
6721e91d
b7472783
2a230785
c0efb6f7
8d05d41f
a82367a1
651db6a7
39c50513
cd3fc0ef
c0ef856a
6519cd1f
d2450513
cc3fc0ef
4703b75d
87b300c1
802301ac
8c3900e7
571347a1
88050014
40800433
01b47433
8c3917fd
0d05f7fd
6ee35792
57a2f8fd
fff44413
b68ba423
b6fc2623
cfdfc0ef
8d6357a2
67210287
b7472783
2a230785
c0efb6f7
67a1cc9f
a8238d05
651db6a7
3c450513
c5bfc0ef
c0ef5522
6515c59f
47850513
c4bfc0ef
bfa58522
00745592
85660030
c67ff0ef
67a1c141
9e878793
04000713
964a0810
06b34210
091100f9
19e3c290
47a2fee9
49856421
b6fa2223
a02347b2
4785b6fa
b4fb2e23
c5ffc0ef
28238d05
651db6a4
40050513
bf3fc0ef
b7042503
beffc0ef
0513651d
c0ef4145
2503be1f
c0efb64a
651dbddf
41c50513
bcffc0ef
b60aa503
bcbfc0ef
05136519
c0efd245
b545bbdf
27836721
0785b747
b6f72a23
c07fc0ef
67a18d05
b6a7a823
0513651d
bdd93dc5
27836721
0785b747
b6f72a23
be7fc0ef
67a18d05
b6a7a823
0513651d
bd5d4345
22050563
dca27119
daa6de86
d6ced8ca
d2d6d4d2
ceded0da
cae6cce2
8432c8ea
0e060c63
010007b7
ff458713
84ae17d1
0ee7e463
8d360818
8cba4781
06b3463d
c68300f5
c6990006
02d70023
07050785
fec797e3
05078793
1808978a
fe078023
aadff0ef
6721c955
b7872783
6ba16a21
6c210785
6aa16b21
b6f72c23
b40a2e23
b60ba423
b60c2623
b60b2223
b60aa023
b43fc0ef
315737b7
34878793
0793c83e
ca3e0400
4785892a
cc3e651d
0513ce3e
07b74505
d03e22c0
d602d226
c282c082
c682c482
ab3fc0ef
f0ef1808
6515be9f
4a450513
aa3fc0ef
c0ef8526
6999aa1f
d2498513
a93fc0ef
05b78626
856a22c0
e1319402
27836721
0785b747
b6f72a23
ad3fc0ef
41250533
a82367a1
651db6a7
46450513
a63fc0ef
50f64501
54d65466
59b65946
5a965a26
4bf65b06
4cd64c66
61094d46
c0ef8082
86b7abbf
57fdedb8
06374701
869322c0
05b33206
c58300c7
4d210005
d5938fad
8b850017
40f007b3
1d7d8ff5
18e38fad
0705fe0d
fce49fe3
fff7c413
00300074
053785a6
d42222c0
b68c2623
b68ba423
a1bff0ef
67a1cd35
9e878793
04000713
01ac8633
06b34210
0d1100fd
19e3c290
47b2feed
a02344a2
4785b6fa
b4fa2e23
b69b2223
a17fc0ef
05336a21
28234125
651db6aa
48050513
9a7fc0ef
b70a2503
9a3fc0ef
0513651d
c0eff6c5
8522995f
993fc0ef
0513651d
c0ef4145
8526985f
983fc0ef
d2498513
977fc0ef
bf114505
27836721
0785b747
b6f72a23
9bffc0ef
41250533
a82367a1
651db6a7
3dc50513
4501b5f5
651d8082
05131141
c6064985
93ffc0ef
a78367a1
8463b5c7
65150c07
71c50513
92bfc0ef
0513651d
c0ef2705
67a1921f
b787a503
91bfc0ef
0513651d
c0ef2805
67a190df
b747a503
907fc0ef
0513651d
c0ef2945
67a18f9f
b707a503
8f3fc0ef
0513651d
c0ef4ac5
65218e5f
a0850513
a17ff0ef
05136515
c0ef4a45
67a18d1f
9e878793
c0ef4bc8
651d8c9f
41450513
8bbfc0ef
a50367a1
c0efb647
651d8b5f
41c50513
8a7fc0ef
a50367a1
c0efb607
651d8a1f
4c050513
893fc0ef
a50367a1
c0efb6c7
651588df
47850513
87ffc0ef
40b267a1
b687a503
c06f0141
6515875f
72050513
67a1bf35
b5c7a503
00a03533
67a18082
b5c7a503
67a1c509
9e878793
80824bc8
a78367a1
4501b5c7
6521c781
a0850513
87b78082
8d2d9e37
9b978793
17138d3d
8f2900d5
01175793
95138fb9
8d3d0057
11418082
84aac226
0513651d
c6064dc5
842ec422
803fc0ef
c0ef8526
6519ffcf
db450513
ff2fc0ef
6515c811
49450513
40b24422
01414492
fdefc06f
05136515
b7fd49c5
de067139
da26dc22
d64ed84a
d256d452
ce5ed05a
ca66cc62
c66ec86a
845fc0ef
6519cd05
35c50513
faafc0ef
0513651d
c0ef4e05
4401fa0f
852250f2
54d25462
59b25942
5a925a22
4bf25b02
4cd24c62
4db24d42
80826121
27836721
6b21b8c7
078589aa
b8f72623
b60b2e23
fc2fc0ef
651d8aaa
52050513
f5afc0ef
0513651d
c0ef5485
6bc1f50f
a00b8513
f4afc0ef
0513651d
c0ef5705
0537f3cf
c0ef0060
651df38f
58450513
f2afc0ef
a00b8513
faefc0ef
05378a2a
c0ef0060
892afa4f
00040537
f9afc0ef
0963842a
07631e0a
05631e09
64b31e05
8cc9012a
b49388bd
47810014
a00b8b93
0087d713
00fa06b3
80238f3d
078500e6
ff7798e3
478166c1
a0068693
00fa0633
0087d713
00064603
77138f3d
1f630ff7
078518e6
fed794e3
0cb74a05
5d370060
8bca444f
8c4a9cca
f4dd0d13
85626d85
f0ef85ea
2023e65f
9c6e00ac
ff9c19e3
00600c37
ffcc0513
5a4f55b7
8593954a
9962e455
e43ff0ef
fea92e23
444f5937
f4d90913
85ca6c05
f0ef855e
a783e2df
1f63000b
9be212f5
ff9b97e3
0c374b85
4cb70004
9c225741
8c938922
854a421c
f0ef85e6
2023e05f
091100a9
ff2c19e3
57414937
42190913
852285ca
debff0ef
1663401c
041100f5
fe8c18e3
44054985
e66fc0ef
4551892a
e66fc0ef
e5afc0ef
41250933
85a2651d
59050513
ddbff0ef
85a6651d
59c50513
dcfff0ef
85d2651d
5b050513
dc3ff0ef
85de651d
5cc50513
db7ff0ef
85ce651d
5e450513
dabff0ef
01493913
00194913
85ca651d
5fc50513
d97ff0ef
4401c811
0763c881
8563000a
8363000b
844a0009
deefc0ef
41550533
22236921
64a1b8a9
e22fc0ef
b8a4a023
b68b2e23
c4256515
42c50513
d6efc0ef
05136515
c0ef4385
6515d64f
48450513
d5afc0ef
b8492503
d56fc0ef
05136519
c0efa3c5
a503d48f
c0efb804
6519d44f
4a050513
d36fc0ef
de0fc0ef
d32fc0ef
05136519
c0efd245
b359d24f
b5b54a01
b5f14b81
4a014b81
44014481
6721b711
b8872783
42c50513
24230785
c0efb8f7
6515cfcf
5d850513
67a1b779
b8c7a503
67a18082
b887a503
67a18082
b847a503
67a18082
b807a503
67a18082
b7c7a503
11418082
84aac226
0513651d
c6064dc5
842ec422
cb6fc0ef
c0ef8526
6519cb0f
db450513
ca6fc0ef
6515c811
49450513
40b24422
01414492
c92fc06f
05136515
b7fd49c5
c686715d
c2a6c4a2
de4ec0ca
da56dc52
d266d462
d65ed85a
ce6ed06a
ceafc0ef
64958aaa
ce8fc0ef
87936415
04133e04
67214244
67a18c1d
b887aa23
bac72783
ffc50913
0785651d
61450513
69a16c21
baf72623
b80c2823
ba09a023
c2afc0ef
0513651d
c0ef6345
c0efc20f
c0efc9cf
651dc1cf
64450513
c0efc0ef
c90fc0ef
c0afc0ef
05136519
c0efa6c5
8522bfcf
bfafc0ef
85136c99
c0efd24c
0a13becf
6785fff4
00fa3733
7c63c63a
84931efa
47813e04
00f48733
00074683
00fa8733
00230785
17e300d7
c0effef4
4781c36f
00fa86b3
00f48733
0006c683
00074703
1ce69163
15e30785
4405fef4
484167b7
9e378737
87936b89
0713a337
96939b97
8fb500d7
0117d693
94938fb5
8cbd0057
00e487b3
8fa51bfd
fe0b93e3
20236aa1
ac230009
c0efb8fa
100fbdaf
6d210000
bd6fc0ef
28234785
6da1ba0d
bafdaa23
c0ef8b2a
c22aba0f
7b636785
c80900fa
48416637
a3360613
854a6589
8baa9b02
2e236b21
c0efb97b
4792b7cf
ba0daa23
8d1d6ba1
bb0d2783
baaba223
baf9a023
b80fc0ef
ba09a783
651d45b2
a783c23e
0513ba4b
2d836545
c43e0009
b9cb2d03
b98aa903
e1bff0ef
85a2651d
66450513
e0fff0ef
412d05b3
b593651d
05130015
f0ef6745
85b3dfdf
651d409d
0015b593
68450513
debff0ef
651d4792
69850513
00f035b3
ddbff0ef
651d47a2
6c050513
00a7b593
0015c593
dc7ff0ef
65156785
0afa7363
1063c04d
9e630b2d
4792089d
4722cbd9
f86347a5
478508e7
42c50513
b8fc2823
a62fc0ef
05136515
c0ef4385
6515a58f
48450513
a4efc0ef
ba4ba503
a4afc0ef
05136519
c0efa5c5
a503a3cf
c0efba09
6515a38f
47850513
a2afc0ef
b9cb2503
a26fc0ef
05136515
c0ef46c5
a503a18f
c0efb98a
8513a14f
c0efd24c
40b6a08f
44268522
49064496
5a6259f2
5b425ad2
5c225bb2
5d025c92
61614df2
44018082
6721b5a1
ba872783
42c50513
b80c2823
24230785
c0efbaf7
65159ccf
05134401
b7a55d85
a78367a1
c79dbb47
c4221141
842ac606
a2efc0ef
00a46c63
a2cfc0ef
00a47863
27836721
0785bb07
baf72823
442240b2
80820141
67a18082
bac7a503
67a18082
ba87a503
67a18082
ba47a503
67a18082
ba07a503
67a18082
b9c7a503
67a18082
b987a503
67a18082
b947a503
67a18082
b907a503
00008082
00060293
9e378eb7
9b9e8e93
00d29313
0062c2b3
0112d313
0062c2b3
00529313
0062c2b3
00552023
00052383
01d383b3
0072c2b3
fff58593
fc059ae3
00028513
00008067
00000000
00007830
65722020
746c7573
0000203a
53534150
00000000
4c494146
69616620
6572756c
00003d73
20200a0d
73726966
61662074
72756c69
61203a65
3d726464
00000000
70786520
65746365
00003d64
74636120
3d6c6175
00000000
616c6520
64657370
3d736d5f
00000000
53534150
00000a0d
4c494146
00000a0d
74796220
003d7365
20200a0d
65636361
77207373
68746469
00203a73
61702020
72657474
0000206e
65766e69
20657372
72646461
00737365
45520a0d
45535546
65203a44
72657478
206c616e
6f6d656d
69207972
6f6e2073
65722074
3b796461
00000020
73617720
746f6e20
61747320
64657472
000a0d2e
63656843
7865206b
6e726574
6d2d6c61
726f6d65
6e692079
61697469
617a696c
6e6f6974
646e6120
64697620
735f6f65
75746174
69622073
2e342074
00000a0d
45520a0d
45535546
00203a44
65766f20
70616c72
68742073
63612065
65766974
52445320
68204d41
2e706165
00000a0d
206e7552
6966207a
20747372
72206f74
74657365
65687420
61656820
65203b70
79726576
61656820
6f702070
65746e69
69772072
62206c6c
6d6f6365
6e692065
696c6176
0a0d2e64
00000000
4c494146
00000000
20656874
494d4448
61726620
7562656d
72656666
73657420
00000074
44480a0d
6620494d
656d6172
66667562
74207265
20747365
74746170
3a6e7265
73616220
00003d65
726f6620
3d74616d
33424752
0a0d3233
00000000
6c622020
2d6b636f
204d4152
73657270
3a746e65
00000020
616d6420
6379635f
3d73656c
00000000
44530a0d
204d4152
75657370
61726f64
6d6f646e
73657420
62203a74
3d657361
00000000
74796220
705f7365
625f7265
3d6b6e61
00000000
6e616220
003d736b
61702020
00207373
65657320
00003d64
44530a0d
204d4152
72617073
00206573
4d203436
00004269
64646120
73736572
6e61622f
6c61206b
20736169
74736574
6162203a
003d6573
696f7020
3d73746e
00000000
20200a0d
71696e75
76206575
65756c61
00203a73
6e692020
73726576
61762065
7365756c
0000203a
00534559
00004f4e
6574694c
4d415244
3230322d
32312e34
5043452f
52444435
00594850
4e4b4e55
004e574f
33584c55
44532d53
44532d52
004d4152
494c4156
00000044
41564e49
0044494c
79730a0d
6d657473
6369745f
003d736b
6d697420
695f7265
635f7172
746e756f
0000003d
656e7520
63657078
5f646574
70617274
00003d73
616c0a0d
6d5f7473
73756163
00003d65
73616c20
656d5f74
003d6370
73616c20
746d5f74
3d6c6176
00000000
61750a0d
725f7472
6f635f78
3d746e75
00000000
72617520
78745f74
756f635f
003d746e
72617520
73665f74
3d746174
00000000
6f640a0d
755f6d6f
5f747261
74706163
5f657275
65636572
64657669
0000003d
65766f20
6f6c6672
003d7377
616e6520
64656c62
0000003d
64730a0d
5f6d6172
736e7572
0000003d
69616620
5f64656c
736e7572
0000003d
746f7420
665f6c61
756c6961
3d736572
00000000
726f7720
635f7364
6b636568
003d6465
64730a0d
5f6d6172
7473616c
7479625f
003d7365
73616c20
61665f74
72756c69
003d7365
73657220
3d746c75
00000000
61720a0d
6d6f646e
7361705f
3d736573
00000000
73616c20
61725f74
6d6f646e
6565735f
00003d64
61757120
6966696c
69746163
725f6e6f
3d736e75
00000000
75710a0d
66696c61
74616369
5f6e6f69
6c696166
73657275
0000003d
73617020
616d5f73
003d6b73
73616c20
75715f74
66696c61
74616369
3d6e6f69
00000000
20544f4e
004e5552
65680a0d
625f7061
3d657361
00000000
61656820
696c5f70
3d74696d
00000000
61656820
75635f70
6e657272
00003d74
65680a0d
755f7061
3d646573
00000000
61656820
65725f70
6e69616d
3d676e69
00000000
67696820
61775f68
3d726574
00000000
65680a0d
615f7061
636f6c6c
6f697461
003d736e
69616620
5f64656c
6f6c6c61
69746163
3d736e6f
00000000
73657220
3d737465
00000000
65680a0d
745f7061
5f747365
736e7572
0000003d
61656820
65745f70
665f7473
756c6961
3d736572
00000000
61656820
616c5f70
655f7473
7370616c
6d5f6465
00003d73
61656820
616c5f70
725f7473
6c757365
00003d74
6f640a0d
735f6d6f
656b6f6d
6e75725f
00003d73
61656820
73755f70
003d6465
64730a0d
5f6d6172
63657865
6e75725f
00003d73
6d697420
685f7265
3d737469
00000000
79617020
64616f6c
7479625f
003d7365
64730a0d
5f6d6172
63657865
7463615f
3d6c6175
00000000
69760a0d
5f6f6564
6d617266
66756265
5f726566
65736162
0000003d
74617020
6e726574
6e75725f
00003d73
78650a0d
6e726574
6d5f6c61
726f6d65
65725f79
3d796461
00000000
64697620
735f6f65
75746174
00003d73
61726620
635f656d
746e756f
0000003d
65727020
746e6573
00003d73
69660a0d
61776d72
625f6572
646c6975
0000003d
442d3348
506d6f6f
6f667265
6e616d72
522d6563
30322d35
37303632
00003631
72696620
7261776d
64695f65
0000003d
67706620
64695f61
0000003d
72646420
726f635f
64695f65
0000003d
72646420
6164615f
72657470
3d64695f
00000000
69756220
6d5f646c
68637461
0000003d
656d0a0d
79726f6d
6e6f635f
6c6f7274
3d72656c
00000000
6d656d20
5f79726f
74617473
003d7375
72616d20
3d72656b
00000000
696e6920
6f645f74
003d656e
696e6920
72655f74
3d726f72
00000000
6c6c7020
636f6c5f
3d64656b
00000000
65737520
6c635f72
5f6b636f
64616572
00003d79
61657220
003d7964
61646120
72657470
6174735f
003d6574
5f627720
6f727265
00003d72
64730a0d
5f6d6172
73726966
61665f74
72756c69
64615f65
003d7264
203e0a0d
00000000
61480a0d
6472617a
43452033
62203550
6472616f
6f6f6220
000a0d74
6d726966
65726177
6975625f
003d646c
72696620
7261776d
75625f65
5f646c69
003d6469
54524155
6f62203a
20647261
69726573
52206c61
202f2058
202c5854
32353131
38203030
0a0d314e
00000000
3a555043
20303520
207a484d
617a6148
2c336472
6d695420
203a7265
6d203031
616d2073
6e696863
6e692065
72726574
0d747075
0000000a
65746e49
6c616e72
72637320
3a6e6565
30783020
30313030
2d303030
30307830
39463130
28204646
78303233
20303032
65646e69
29646578
00000a0d
72616f42
454c2064
203a7344
67726174
732d7465
69636570
20636966
72616568
61656274
6e612074
69742064
2072656d
74617473
0a0d7375
00000000
41524453
7270204d
6c69666f
00203a65
6870202c
63697379
62206c61
3d657361
00000000
6e75202c
68636163
64206465
6e676169
6974736f
61207363
7361696c
0000003d
6f440a0d
69206d6f
6567616d
0000203a
0000002d
65480a0d
203a7061
00000000
57490a0d
203a4441
00000000
6976202c
206f6564
65736572
20657672
00207461
494d4448
3031203a
36783432
66203030
2d6c6c75
656e6170
6373206c
2c656c61
72696420
20746365
636f6c62
41522d6b
6f64204d
656c6275
66756220
0d726566
0000000a
6d6f6f44
3d6c203a
54524155
616d6920
202c6567
41553d77
49205452
2c444157
6c3d6a20
636e7561
62202c68
2044533d
746f6f62
00000a0d
65747845
6c616e72
6d656d20
2079726f
74696e69
696c6169
6974617a
203a6e6f
74696177
20676e69
74207075
2035206f
6f636573
2e73646e
0a0d2e2e
00000000
33584c55
6f632053
6220646c
3a746f6f
79727420
20676e69
7263696d
44532d6f
0d2e2e2e
0000000a
65707954
6f206820
203f2072
20726f66
706c6568
3e0a0d2e
00000020
6f430a0d
6e616d6d
0d3a7364
0000000a
20682020
3f20726f
65682020
0a0d706c
00000000
206d2020
20202020
65642020
75727473
76697463
65722065
76726573
31206465
42694d20
52445320
74204d41
20747365
61656828
61732d70
0d296566
0000000a
20612020
20202020
70732020
65737261
00000020
64646120
73736572
6e61622f
6c61206b
20736169
74736574
00000a0d
20722020
20202020
73702020
6f647565
646e6172
31206d6f
42694d20
73657420
6e692074
63616520
44532068
204d4152
6b6e6162
00000a0d
20712020
20202020
6f632020
656c706d
53206574
4d415244
61757120
6966696c
69746163
73206e6f
65746975
00000a0d
206b2020
20202020
44532020
204d4152
70616568
6c6c6120
7461636f
2f6e6f69
65727473
74207373
0d747365
0000000a
20642020
20202020
6f442020
70206d6f
6674616c
206d726f
6f6d656d
742f7972
72656d69
6f6d7320
7420656b
0d747365
0000000a
20782020
20202020
78652020
74756365
6f632065
64656970
33565220
6f632032
66206564
206d6f72
41524453
000a0d4d
206c2020
20202020
65722020
76696563
20612065
6b636170
64656761
6f6f4420
6d69206d
20656761
7265766f
52415520
000a0d54
20772020
20202020
65722020
76696563
6e612065
41574920
6e692044
72206f74
72657365
20646576
41524453
000a0d4d
206a2020
20202020
616c2020
68636e75
7365722f
74726174
65687420
6c617620
74616469
44206465
206d6f6f
67616d69
6e612065
57492064
0a0d4441
00000000
20622020
20202020
6f6c2020
44206461
2e4d4f4f
20443348
4f44202b
2e314d4f
20444157
6d6f7266
63696d20
532d6f72
6e612044
616c2064
68636e75
00000a0d
20632020
20202020
696d2020
2d6f7263
462f4453
62205441
20746f6f
74617473
0a0d7375
00000000
20662020
20202020
65722020
74697277
72702f65
6e657365
68742074
32332065
30327830
47522030
32333342
4d444820
65742049
66207473
656d6172
00000a0d
207a2020
20202020
65722020
20746573
70616568
6e69203b
696c6176
65746164
76652073
20797265
70616568
696f7020
7265746e
00000a0d
20732020
20202020
74732020
73757461
00000a0d
20762020
20202020
65762020
6f697372
000a0d6e
6568744f
68632072
63617261
73726574
65726120
68636520
2e64656f
00000a0d
0000203e
20656874
74736564
74637572
20657669
694d2031
78652042
6e726574
6d2d6c61
726f6d65
65742079
00007473
41524453
6564204d
75727473
76697463
20312065
2042694d
75716573
69746e65
74206c61
00747365
20656874
72617073
53206573
4d415244
73657420
00000074
20656874
75657370
61726f64
6d6f646e
52445320
74204d41
00747365
20656874
41524453
7571204d
66696c61
74616369
206e6f69
74697573
00000065
3d3d0a0d
4453203d
204d4152
6c617571
63696669
6f697461
7573206e
20657469
0d3d3d3d
0000000a
203d3d3d
41524453
7571204d
66696c61
74616369
3a6e6f69
00000020
3d3d3d20
00000a0d
20656874
65747865
6c616e72
6d656d2d
2079726f
70616568
73657420
00000074
45520a0d
45535546
74203a44
53206568
4d415244
61656820
73692070
726c6120
79646165
74636120
2e657669
00000a0d
206e7552
6966207a
20747372
72206f74
74657365
3b746920
65766520
68207972
20706165
6e696f70
20726574
6c6c6977
63656220
20656d6f
61766e69
2e64696c
00000a0d
44530a0d
204d4152
70616568
73657420
62203a74
3d657361
00000000
6d696c20
003d7469
6d732020
206c6c61
6f6c6c61
69746163
3a736e6f
00000020
36312020
7479622d
6c612065
6d6e6769
3a746e65
00000020
6d732020
206c6c61
636f6c62
6170206b
72657474
203a736e
00000000
20342020
2042694d
6f6c6c61
69746163
702f6e6f
65747461
203a6e72
00000000
72702020
2d726f69
636f6c62
7270206b
72657365
69746176
203a6e6f
00000000
6f622020
73646e75
6a657220
69746365
203a6e6f
00000000
65737520
00003d64
6d657220
696e6961
003d676e
69662020
20747372
6c696166
3a657275
64646120
00003d72
20656874
6d6f6f44
616c7020
726f6674
6d73206d
20656b6f
74736574
00000000
20656874
63657865
2d657475
6d6f7266
7478652d
616e7265
656d2d6c
79726f6d
73657420
00000074
20656874
6d6f6f44
616d6920
75206567
616f6c70
00000064
20656874
44415749
6c707520
0064616f
20656874
7263696d
44532d6f
6f6f4420
6f62206d
0000746f
20656874
6d6f6f44
75616c20
0068636e
44530a0d
204d4152
70616568
73657220
202e7465
206c6c41
76657270
73756f69
61656820
6f702070
65746e69
61207372
69206572
6c61766e
0d2e6469
00203e0a
70660a0d
695f6167
00003d64
65747845
6c616e72
6d656d20
2079726f
74696e69
696c6169
6974617a
203a6e6f
44414552
000a0d59
41524453
6f62204d
7120746f
6b636975
73657420
00000074
65747845
6c616e72
6d656d20
2079726f
74696e69
696c6169
6974617a
203a6e6f
454d4954
0d54554f
0000000a
20656854
54524155
6e6f6d20
726f7469
6d657220
736e6961
61766120
62616c69
203b656c
65747865
6c616e72
6d656d2d
2079726f
20646e61
6d6f6f44
00000020
6d6d6f63
73646e61
6c697720
6562206c
66657220
64657375
746e7520
63206c69
62696c61
69746172
63206e6f
6c706d6f
73657465
000a0d2e
00001a88
00001a66
00001b84
000020b8
000020ce
00002064
00001a66
000020e8
00001a66
00001a88
00001a66
000020d4
00001c8e
00002090
00001b68
00001a66
00001a66
00001a66
00001bb8
00001b9e
00001a1a
00001a66
00001a66
000020fa
000020a4
00002078
00001a66
000020ee
00001a66
00001a66
00001a66
00001a66
00001a66
00001a66
00001b84
000020b8
000020ce
00002064
00001a66
000020e8
00001a66
00001a88
00001a66
000020d4
00001c8e
00002090
00001b68
00001a66
00001a66
00001a66
00001bb8
00001b9e
00001a1a
00001a66
00001a66
000020fa
000020a4
00002078
00001a66
000020ee
6f72657a
00000000
73656e6f
00000000
0000677c
00006784
000054d4
00000001
0000000f
00000010
00000011
0000003f
00000100
00000ffd
00010000
33323130
37363534
42413938
46454443
00000000
203a4453
38444d43
69616620
2064656c
003d3172
203a4453
444d4341
66203134
656c6961
31722064
0000003d
203a4453
35444d43
61662038
64656c69
3d317220
00000000
203a4453
31444d43
61662036
64656c69
3d317220
00000000
203a4453
30444d43
69616620
2064656c
003d3172
43484453
5844532f
00000043
43534453
00000000
695f6473
6974696e
7a696c61
003d6465
70797420
00003d65
72636f20
0000003d
46204453
203a5441
31544146
73692032
746f6e20
70757320
74726f70
0a0d6465
00000000
33544146
00000032
31544146
00000036
5f746166
65707974
0000003d
454e4f4e
00000a0d
72617020
69746974
6c5f6e6f
003d6162
63657320
73726f74
7265705f
756c635f
72657473
0000003d
4d4f4f44
41572e31
00000044
4d4f4f44
4441572e
00000000
62204453
3a746f6f
736e7520
6f707075
64657472
206e6f20
73696874
47504620
61742041
74656772
00000a0d
62204453
3a746f6f
696e6920
6c616974
6e697a69
696d2067
2d6f7263
2e2e4453
000a0d2e
62204453
3a746f6f
72616320
6e692064
61697469
617a696c
6e6f6974
69616620
0d64656c
0000000a
62204453
3a746f6f
54414620
462f3631
32335441
756f6d20
6620746e
656c6961
000a0d64
62204453
3a746f6f
4f4f4420
33482e4d
6f6e2044
6f662074
20646e75
46206e69
72205441
0d746f6f
0000000a
62204453
3a746f6f
616f6c20
676e6964
4f4f4420
33482e4d
79622044
3d736574
00000000
62204453
3a746f6f
44334820
616f6c20
52432f64
61762043
6164696c
6e6f6974
69616620
0d64656c
0000000a
62204453
3a746f6f
4f4f4420
572e314d
6f204441
4f442072
572e4d4f
6e204441
6620746f
646e756f
206e6920
20544146
746f6f72
00000a0d
62204453
3a746f6f
616f6c20
676e6964
00000020
62204453
3a746f6f
41574920
61762044
6164696c
6e6f6974
69616620
0d64656c
0000000a
62204453
3a746f6f
616d6920
61206567
4920646e
20444157
64616572
000a0d79
454e4f4e
00000000
64730a0d
6f6f625f
75725f74
003d736e
756f6d20
6465746e
0000003d
685f6473
625f6433
73657479
0000003d
5f647320
5f646177
65747962
00003d73
64617720
0000003d
4d4f4f44
20202020
00444157
4d4f4f44
20202031
00444157
4d4f4f44
20202020
00443348
67617355
0a0d3a65
00000000
61732020
6e69206f
0a0d6f66
00000000
61732020
6572206f
65766f63
000a0d72
61732020
6373206f
0a0d6e61
00000000
61732020
7270206f
2065626f
6464613c
0a0d3e72
00000000
61732020
6572206f
3c206461
72646461
723c203e
0d3e6765
0000000a
61732020
7277206f
20657469
6464613c
3c203e72
3e676572
61763c20
3e65756c
00000a0d
32692020
63732063
0a0d6e61
00000000
7265704f
73646e61
65726120
78656820
63656461
6c616d69
7830203b
65727020
20786966
6f207369
6f697470
2e6c616e
00000a0d
76656420
20656369
6e756f66
000a0d64
76656420
73656369
756f6620
0a0d646e
00000000
6e616353
676e696e
43324920
30783020
302e2e38
2e373778
0a0d2e2e
00000000
43412020
0000204b
61732020
6e69206f
20206f66
20202020
20202020
20202020
62202020
67646972
44492065
7265762f
6e6f6973
6174732f
0d737574
0000000a
61732020
6572206f
65766f63
20202072
20202020
20202020
49202020
62204332
72207375
766f6365
0d797265
0000000a
61732020
6373206f
20206e61
20202020
20202020
20202020
73202020
206e6163
20433249
72646461
65737365
78302073
2e2e3830
37377830
00000a0d
61732020
7270206f
2065626f
6464613c
20203e72
20202020
70202020
65626f72
656e6f20
622d3720
49207469
61204332
65726464
0a0d7373
00000000
61732020
6572206f
3c206461
72646461
723c203e
203e6765
72202020
20646165
20656e6f
69622d38
65722074
74736967
0a0d7265
00000000
61732020
7277206f
20657469
203e613c
203e723c
203e763c
77202020
65746972
656e6f20
622d3820
72207469
73696765
0d726574
0000000a
32692020
63732063
20206e61
20202020
20202020
20202020
61202020
7361696c
726f6620
6f617320
61637320
000a0d6e
4f525245
00000052
00633269
6e616373
00000000
006f6173
6f666e69
00000000
204f4153
64697262
69206567
00003d64
72657620
6e6f6973
0000003d
61747320
3d737574
00000000
63326920
3030313d
20303030
0a0d7a48
00000000
4e524157
3a474e49
70786520
65746365
72622064
65676469
20444920
33357830
46343134
28203133
314f4153
0a0d2e29
00000000
6f636572
00726576
204f4153
6f636572
3a726576
00000020
626f7270
00000065
204f4153
626f7270
00002065
64616572
00000000
204f4153
64616572
64646120
00003d72
67657220
0000003d
74697277
00000065
204f4153
74697277
64612065
003d7264
6c617620
003d6575
6e6b6e55
206e776f
2f4f4153
20433249
6d6d6f63
2e646e61
00000a0d
00082008
41530a0d
32492f4f
6f632043
6e616d6d
6f742064
6f6c206f
0d2e676e
00203e0a
55475241
544e454d
00000000
454a4552
44455443
00000000
4b43414e
00000000
454d4954
0054554f
00004b4f
00006ef0
00006efc
00006f08
00006f10
00006f18
33323130
37363534
42413938
46454443
00000000
6f6c2020
003d6461
746e6520
003d7972
20200a0d
3d737362
00000000
73736220
7479625f
003d7365
63726320
003d3233
33480a0d
4552204c
0d594441
0000000a
204c3348
4f525245
6e692052
696c6176
65682064
72656461
00000a0d
204c3348
41544144
00000a0d
204c3348
4f525245
61702052
616f6c79
69742064
756f656d
74612074
66666f20
3d746573
00000000
204c3348
4f525245
52432052
78652043
74636570
003d6465
204c3348
4f525245
6f632052
20646c75
20746f6e
61657263
76206574
66697265
20646569
74736572
20747261
67616d69
000a0d65
204c3348
4f525245
6f632052
20646c75
20746f6e
69726576
72207966
6f747365
20646572
67616d69
000a0d65
204c3348
65204b4f
7370616c
6d5f6465
00003d73
204c3348
4f525245
65682052
72656461
6d697420
74756f65
00000a0d
33480a0d
4453204c
61656820
0d726564
0000000a
204c3348
4f525245
44532052
61656820
20726564
64616572
00000a0d
204c3348
4f525245
44532052
79617020
64616f6c
61657220
000a0d64
204c3348
4f204453
6c65204b
65737061
736d5f64
0000003d
6f4e0a0d
6c617620
74616469
44206465
206d6f6f
67616d69
73692065
616f6c20
2e646564
65735520
65687420
616d6920
75206567
616f6c70
20726564
73726966
0a0d2e74
00000000
6f4e0a0d
6c617620
74616469
49206465
20444157
6c207369
6564616f
55202e64
74206573
57206568
75204441
616f6c70
20726564
73726966
0a0d2e74
00000000
6f440a0d
72206d6f
61747365
69207472
6567616d
72657620
63696669
6f697461
6166206e
64656c69
7055202e
64616f6c
65687420
44334820
61676120
0d2e6e69
0000000a
614c0a0d
68636e75
20676e69
6d6f6f44
616d6920
66206567
206d6f72
41524453
6e65204d
3d797274
00000000
41574920
00003d44
6d6f6f44
616d6920
72206567
72757465
2064656e
74617473
003d7375
6f440a0d
55206d6f
20545241
74706163
64657275
0000003d
65520a0d
72617473
6d692074
20656761
73657270
65767265
65203b64
7265746e
74206a20
6572206f
72617473
69772074
756f6874
70752074
64616f6c
2e676e69
00000a0d
6f640a0d
695f6d6f
6567616d
616f6c5f
3d646564
00000000
63657220
65766965
6e75725f
00003d73
63657220
65766965
6961665f
6572756c
00003d73
63657220
65766965
616c655f
64657370
3d736d5f
00000000
73657220
74726174
6165725f
003d7964
73657220
65726f74
00003d73
6f640a0d
695f6d6f
6567616d
7479625f
003d7365
6f640a0d
695f6d6f
6567616d
6372635f
7078655f
65746365
00003d64
63616220
3d70756b
00000000
63616220
5f70756b
3d637263
00000000
6f640a0d
6c5f6d6f
636e7561
75725f68
003d736e
75616c20
5f68636e
6c696166
73657275
0000003d
75616c20
5f68636e
70616c65
5f646573
003d736d
73616c20
65725f74
6e727574
0000003d
616e2020
003d656d
616f6c20
00003d64
33480a0d
45522057
0d594441
0000000a
20573348
4f525245
6e692052
696c6176
65682064
72656461
00000a0d
20573348
4f525245
61702052
616f6c79
69742064
756f656d
74612074
66666f20
3d746573
00000000
20573348
4f525245
52432052
78652043
74636570
003d6465
20573348
4f525245
6e692052
696c6176
57492064
73204441
63757274
65727574
00000a0d
20573348
65204b4f
7370616c
6d5f6465
00003d73
6d756c20
003d7370
72696420
6f746365
003d7972
20573348
41544144
00000a0d
20573348
4f525245
65682052
72656461
6d697420
74756f65
00000a0d
20573348
44204453
20415441
656d616e
0000003d
20573348
4f525245
44532052
79617020
64616f6c
61657220
000a0d64
20573348
4f204453
6c65204b
65737061
736d5f64
0000003d
6f640a0d
775f6d6f
6c5f6461
6564616f
00003d64
6f640a0d
775f6d6f
6e5f6461
3d656d61
00000000
6f640a0d
775f6d6f
635f6461
655f6372
63657078
3d646574
00000000
00002020
206e7552
6966207a
3b747372
65766520
65207972
74736978
20676e69
70616568
696f7020
7265746e
6c697720
6562206c
656d6f63
766e6920
64696c61
000a0d2e
6f440a0d
48206d6f
72617a61
70203364
6674616c
206d726f
6b6f6d73
65742065
0a0d7473
00000000
72662020
62656d61
65666675
33203a72
32783032
202c3030
69622d38
62202c74
73657479
0000003d
20200a0d
656e6f7a
72617420
3a746567
00000020
74796220
0a0d7365
00000000
6f6c6c61
69746163
00736e6f
622d3631
20657479
67696c61
6e656d6e
00000074
78303233
20303032
6d617266
66756265
20726566
6f6d656d
00007972
694d2036
6f442042
7a206d6f
20656e6f
706d6173
0073656c
20363532
2042694b
20444157
6b726f77
65726120
00000061
6c6c696d
63657369
20646e6f
656d6974
6c732f72
00706565
44530a0d
204d4152
63657865
62617475
632d656c
2065646f
74736574
00000a0d
6d692020
5f656761
65736162
0000003d
616d6920
6c5f6567
74696d69
0000003d
6c796170
2064616f
657a6973
00000000
79706f63
6165722f
63616264
0000006b
75746572
76206e72
65756c61
00000000
41524453
6164204d
61206174
73656363
00000073
656d6974
6e692072
72726574
20747075
6c696877
78652065
74756365
20676e69
41524453
0000004d
63657865
6f697475
7263206e
6573736f
69742064
2072656d
69726570
0000646f
1c1ffcff
0003e0e3
00000000
00000000
00000000
00000000
00000000
00000000
00000000
00000000
00000000
00000000
00000000
00000000
00000000
00000000
00000000
00000000
00000000
00000000
00000000
00000000
00000000
00000000
00000000
00000000
00000000
00000000
00000000
00000000
00000000
00000000
00000000
00000000
00000000
00000000
00000000
00000000
00000000
00000000
00000000
00000000
00000000
00000000
00000000
00000000
00000000
00000000
00000000
00000000
00000000
00000000
00000000
00000000
00000000
00000000
00000000
00000000
00000000
00000000
00000000
00000000
00000000
00000000
00000000
00000000
00000000
00000000
00000000
00000000
00000000
00000000
00000000
00000000
00000000
00000000
00000000
00000000
00000000
00000000
00000000
00000000
00000000
00000000
00000000
00000000
00000000
00000000
00000000
00000000
00000000
00000000
00000000
00000000
00000000
00000000
00000000
00000000
00000000
00000000
00000000
00000000
00000000
00000000
00000000
00000000
00000000
00000000
00000000
00000000
00000000
00000000
00000000
00000000
00000000
00000000
00000000
00000000
00000000
00000000
00000000
00000000
00000000
00000000
00000000
00000000
00000000
00000000
00000000
00000000
00000000
00000000
00000000
00000000
00000000
00000000
00000000
00000000
00000000
00000000
00000000
00000000
00000000
00000000
00000000
00000000
00000000
00000000
00000000
00000000
00000000
00000000
00000000
00000000
00000000
00000000
00000000
00000000
00000000
00000000
00000000
00000000
00000000
00000000
00000000
00000000
00000000
00000000
00000000
00000000
00000000
00000000
00000000
00000000
00000000
00000000
00000000
00000000
00000000
00000000
00000000
00000000
00000000
00000000
00000000
00000000
00000000
00000000
00000000
00000000
00000000
00000000
00000000
00000000
00000000
00000000
00000000
00000000
00000000
00000000
00000000
00000000
00000000
00000000
00000000
00000000
00000000
00000000
00000000
00000000
00000000
00000000
00000000
00000000
00000000
00000000
00000000
00000000
00000000
00000000
00000000
00000000
00000000
00000000
00000000
00000000
00000000
00000000
00000000
00000000
00000000
00000000
00000000
00000000
00000000
00000000
00000000
00000000
00000000
00000000
00000000
00000000
00000000
00000000
00000000
00000000
00000000
00000000
00000000
00000000
00000000
00000000
00000000
00000000
00000000
00000000
00000000
00000000
00000000
00000000
00000000
00000000
00000000
00000000
00000000
00000000
00000000
00000000
00000000
00000000
00000000
00000000
00000000
00000000
00000000
00000000
00000000
00000000
00000000
00000000
00000000
00000000
00000000
00000000
00000000
00000000
00000000
00000000
00000000
00000000
00000000
00000000
00000000
00000000
00000000
00000000
00000000
00000000
00000000
00000000
00000000
00000000
00000000
00000000
00000000
00000000
00000000
00000000
00000000
00000000
00000000
00000000
00000000
00000000
00000000
00000000
00000000
00000000
00000000
00000000
00000000
00000000
00000000
00000000
00000000
00000000
00000000
00000000
00000000
00000000
00000000
00000000
00000000
00000000
00000000
00000000
00000000
00000000
00000000
00000000
00000000
00000000
00000000
00000000
00000000
00000000
00000000
00000000
00000000
00000000
00000000
00000000
00000000
00000000
00000000
00000000
00000000
00000000
00000000
00000000
00000000
00000000
00000000
00000000
00000000
00000000
00000000
00000000
00000000
00000000
00000000
00000000
00000000
00000000
00000000
00000000
00000000
00000000
00000000
00000000
00000000
00000000
00000000
00000000
00000000
00000000
00000000
00000000
00000000
00000000
00000000
00000000
00000000
00000000
00000000
00000000
00000000
00000000
00000000
00000000
00000000
00000000
00000000
00000000
00000000
00000000
00000000
00000000
00000000
00000000
00000000
00000000
00000000
00000000
00000000
00000000
00000000
00000000
00000000
00000000
00000000
00000000
00000000
00000000
00000000
00000000
00000000
00000000
00000000
00000000
00000000
00000000
00000000
00000000
00000000
00000000
00000000
00000000
00000000
00000000
00000000
00000000
00000000
00000000
00000000
00000000
00000000
00000000
00000000
00000000
00000000
00000000
00000000
00000000
00000000
00000000
00000000
00000000
00000000
00000000
00000000
00000000
00000000
00000000
00000000
00000000
00000000
00000000
00000000
00000000
00000000
00000000
00000000
00000000
00000000
00000000
00000000
00000000
00000000
00000000
00000000
00000000
00000000
00000000
00000000
00000000
00000000
00000000
00000000
00000000
00000000
00000000
00000000
00000000
00000000
00000000
00000000
00000000
00000000
00000000
00000000
00000000
00000000
00000000
00000000
00000000
00000000
00000000
00000000
00000000
00000000
00000000
00000000
00000000
00000000
00000000
00000000
00000000
00000000
00000000
00000000
00000000
00000000
00000000
00000000
00000000
00000000
00000000
00000000
00000000
00000000
00000000
00000000
00000000
00000000
00000000
00000000
00000000
00000000
00000000
00000000
00000000
00000000
00000000
00000000
00000000
00000000
00000000
00000000
00000000
00000000
00000000
00000000
00000000
00000000
00000000
00000000
00000000
00000000
00000000
00000000
00000000
00000000
00000000
00000000
00000000
00000000
00000000
00000000
00000000
00000000
00000000
00000000
00000000
00000000
00000000
00000000
00000000
00000000
00000000
00000000
00000000
00000000
00000000
00000000
00000000
00000000
00000000
00000000
00000000
00000000
00000000
00000000
00000000
00000000
00000000
00000000
00000000
00000000
00000000
00000000
00000000
00000000
00000000
00000000
00000000
00000000
00000000
00000000
00000000
00000000
00000000
00000000
00000000
00000000
00000000
00000000
00000000
00000000
00000000
00000000
00000000
00000000
00000000
00000000
00000000
00000000
00000000
00000000
00000000
00000000
00000000
00000000
00000000
00000000
00000000
00000000
00000000
00000000
00000000
00000000
00000000
00000000
00000000
00000000
00000000
00000000
00000000
00000000
00000000
00000000
00000000
00000000
00000000
00000000
00000000
00000000
00000000
00000000
00000000
00000000
00000000
00000000
00000000
00000000
00000000
00000000
00000000
00000000
00000000
00000000
00000000
00000000
00000000
00000000
00000000
00000000
00000000
00000000
00000000
00000000
00000000
00000000
00000000
00000000
00000000
00000000
00000000
00000000
00000000
00000000
00000000
00000000
00000000
00000000
00000000
00000000
00000000
00000000
00000000
00000000
00000000
00000000
00000000
00000000
00000000
00000000
00000000
00000000
00000000
00000000
00000000
00000000
00000000
00000000
00000000
00000000
00000000
00000000
00000000
00000000
00000000
00000000
00000000
00000000
00000000
00000000
00000000
00000000
00000000
00000000
00000000
00000000
00000000
00000000
00000000
00000000
00000000
00000000
00000000
00000000
00000000
00000000
00000000
00000000
00000000
00000000
00000000
00000000
00000000
00000000
00000000
00000000
00000000
00000000
00000000
00000000
00000000
00000000
00000000
00000000
00000000
00000000
00000000
00000000
00000000
00000000
00000000
00000000
00000000
00000000
00000000
00000000
00000000
00000000
00000000
00000000
00000000
00000000
00000000
00000000
00000000
00000000
00000000
00000000
00000000
00000000
00000000
00000000
00000000
00000000
00000000
00000000
00000000
00000000
00000000
00000000
00000000
00000000
00000000
00000000
00000000
00000000
00000000
00000000
00000000
00000000
00000000
00000000
00000000
00000000
00000000
00000000
00000000
00000000
00000000
00000000
00000000
00000000
00000000
00000000
00000000
00000000
00000000
00000000
00000000
00000000
00000000
00000000
00000000
00000000
00000000
00000000
00000000
00000000
00000000
00000000
00000000
00000000
00000000
00000000
00000000
00000000
00000000
00000000
00000000
00000000
00000000
00000000
00000000
00000000
00000000
00000000
00000000
00000000
00000000
00000000
00000000
00000000
00000000
00000000
00000000
00000000
00000000
00000000
00000000
00000000
00000000
00000000
00000000
00000000
00000000
00000000
00000000
00000000
00000000
00000000
00000000
00000000
00000000
00000000
00000000
00000000
00000000
00000000
00000000
00000000
00000000
00000000
00000000
00000000
00000000
00000000
00000000
00000000
00000000
00000000
00000000
00000000
00000000
00000000
00000000
00000000
00000000
00000000
00000000
00000000
00000000
00000000
00000000
00000000
00000000
00000000
00000000
00000000
00000000
00000000
00000000
00000000
00000000
00000000
00000000
00000000
00000000
00000000
00000000
00000000
00000000
00000000
00000000
00000000
00000000
00000000
00000000
00000000
00000000
00000000
00000000
00000000
00000000
00000000
00000000
00000000
00000000
00000000
00000000
00000000
00000000
00000000
00000000
00000000
00000000
00000000
00000000
00000000
00000000
00000000
00000000
00000000
00000000
00000000
00000000
00000000
00000000
00000000
00000000
00000000
00000000
00000000
00000000
00000000
00000000
00000000
00000000
00000000
00000000
00000000
00000000
00000000
00000000
00000000
00000000
00000000
00000000
00000000
00000000
00000000
00000000
00000000
00000000
00000000
00000000
00000000
00000000
00000000
00000000
00000000
00000000
00000000
00000000
00000000
00000000
00000000
00000000
00000000
00000000
00000000
00000000
00000000
00000000
00000000
00000000
00000000
00000000
00000000
00000000
00000000
00000000
00000000
00000000
00000000
00000000
00000000
00000000
00000000
00000000
00000000
00000000
00000000
00000000
00000000
00000000
00000000
00000000
00000000
00000000
00000000
00000000
00000000
00000000
00000000
00000000
00000000
00000000
00000000
00000000
00000000
00000000
00000000
00000000
00000000
00000000
00000000
00000000
00000000
00000000
00000000
00000000
00000000
00000000
00000000
00000000
00000000
00000000
00000000
00000000
00000000
00000000
00000000
00000000
00000000
00000000
00000000
00000000
00000000
00000000
00000000
00000000
00000000
00000000
00000000
00000000
00000000
00000000
00000000
00000000
00000000
00000000
00000000
00000000
00000000
00000000
00000000
00000000
00000000
00000000
00000000
00000000
00000000
00000000
00000000
00000000
00000000
00000000
00000000
00000000
00000000
00000000
00000000
00000000
00000000
00000000
00000000
00000000
00000000
00000000
00000000
00000000
00000000
00000000
00000000
00000000
00000000
00000000
00000000
00000000
00000000
00000000
00000000
00000000
00000000
00000000
00000000
00000000
00000000
00000000
00000000
00000000
00000000
00000000
00000000
00000000
00000000
00000000
00000000
00000000
00000000
00000000
00000000
00000000
00000000
00000000
00000000
00000000
00000000
00000000
00000000
00000000
00000000
00000000
00000000
00000000
00000000
00000000
00000000
00000000
00000000
00000000
00000000
00000000
00000000
00000000
00000000
00000000
00000000
00000000
00000000
00000000
00000000
00000000
00000000
00000000
00000000
00000000
00000000
00000000
00000000
00000000
00000000
00000000
00000000
00000000
00000000
00000000
00000000
00000000
00000000
00000000
00000000
00000000
00000000
00000000
00000000
00000000
00000000
00000000
00000000
00000000
00000000
00000000
00000000
00000000
00000000
00000000
00000000
00000000
00000000
00000000
00000000
00000000
00000000
00000000
00000000
00000000
00000000
00000000
00000000
00000000
00000000
00000000
00000000
00000000
00000000
00000000
00000000
00000000
00000000
00000000
00000000
00000000
00000000
00000000
00000000
00000000
00000000
00000000
00000000
00000000
00000000
00000000
00000000
00000000
00000000
00000000
00000000
00000000
00000000
00000000
00000000
00000000
00000000
00000000
00000000
00000000
00000000
00000000
00000000
00000000
00000000
00000000
00000000
00000000
00000000
00000000
00000000
00000000
00000000
00000000
00000000
00000000
00000000
00000000
00000000
00000000
00000000
00000000
00000000
00000000
00000000
00000000
00000000
00000000
00000000
00000000
00000000
00000000
00000000
00000000
00000000
00000000
00000000
00000000
00000000
00000000
00000000
00000000
00000000
00000000
00000000
00000000
00000000
00000000
00000000
00000000
00000000
00000000
00000000
00000000
00000000
00000000
00000000
00000000
00000000
00000000
00000000
00000000
00000000
00000000
00000000
00000000
00000000
00000000
00000000
00000000
00000000
00000000
00000000
00000000
00000000
00000000
00000000
00000000
00000000
00000000
00000000
00000000
00000000
00000000
00000000
00000000
00000000
00000000
00000000
00000000
00000000
00000000
00000000
00000000
00000000
00000000
00000000
00000000
00000000
00000000
00000000
00000000
00000000
00000000
00000000
00000000
00000000
00000000
00000000
00000000
00000000
00000000
00000000
00000000
00000000
00000000
00000000
00000000
00000000
00000000
00000000
00000000
00000000
00000000
00000000
00000000
00000000
00000000
00000000
00000000
00000000
00000000
00000000
00000000
00000000
00000000
00000000
00000000
00000000
00000000
00000000
00000000
00000000
00000000
00000000
00000000
00000000
00000000
00000000
00000000
00000000
00000000
00000000
00000000
00000000
00000000
00000000
00000000
00000000
00000000
00000000
00000000
00000000
00000000
00000000
00000000
00000000
00000000
00000000
00000000
00000000
00000000
00000000
00000000
00000000
00000000
00000000
00000000
00000000
00000000
00000000
00000000
00000000
00000000
00000000
00000000
00000000
00000000
00000000
00000000
00000000
00000000
00000000
00000000
00000000
00000000
00000000
00000000
00000000
00000000
00000000
00000000
00000000
00000000
00000000
00000000
00000000
00000000
00000000
00000000
00000000
00000000
00000000
00000000
00000000
00000000
00000000
00000000
00000000
00000000
00000000
00000000
00000000
00000000
00000000
00000000
00000000
00000000
00000000
00000000
00000000
00000000
00000000
00000000
00000000
00000000
00000000
00000000
00000000
00000000
00000000
00000000
00000000
00000000
00000000
00000000
00000000
00000000
00000000
00000000
00000000
00000000
00000000
00000000
00000000
00000000
00000000
00000000
00000000
00000000
00000000
00000000
00000000
00000000
00000000
00000000
00000000
00000000
00000000
00000000
00000000
00000000
00000000
00000000
00000000
00000000
00000000
00000000
00000000
00000000
00000000
00000000
00000000
00000000
00000000
00000000
00000000
00000000
00000000
00000000
00000000
00000000
00000000
00000000
00000000
00000000
00000000
00000000
00000000
00000000
00000000
00000000
00000000
00000000
00000000
00000000
00000000
00000000
00000000
00000000
00000000
00000000
00000000
00000000
00000000
00000000
00000000
00000000
00000000
00000000
00000000
00000000
00000000
00000000
00000000
00000000
00000000
00000000
00000000
00000000
00000000
00000000
00000000
00000000
00000000
00000000
00000000
00000000
00000000
00000000
00000000
00000000
00000000
00000000
00000000
00000000
00000000
00000000
00000000
00000000
00000000
00000000
00000000
00000000
00000000
00000000
00000000
00000000
00000000
00000000
00000000
00000000
00000000
00000000
00000000
00000000
00000000
00000000
00000000
00000000
00000000
00000000
00000000
00000000
00000000
00000000
00000000
00000000
00000000
00000000
00000000
00000000
00000000
00000000
00000000
00000000
00000000
00000000
00000000
00000000
00000000
00000000
00000000
00000000
00000000
00000000
00000000
00000000
00000000
00000000
00000000
00000000
00000000
00000000
00000000
00000000
00000000
00000000
00000000
00000000
00000000
00000000
00000000
00000000
00000000
00000000
00000000
00000000
00000000
00000000
00000000
00000000
00000000
00000000
00000000
00000000
00000000
00000000
00000000
00000000
00000000
00000000
00000000
00000000
00000000
00000000
00000000
00000000
00000000
00000000
00000000
00000000
00000000
00000000
00000000
00000000
00000000
00000000
00000000
00000000
00000000
00000000
00000000
00000000
00000000
00000000
00000000
00000000
00000000
00000000
00000000
00000000
00000000
00000000
00000000
00000000
00000000
00000000
00000000
00000000
00000000
00000000
00000000
00000000
00000000
00000000
00000000
00000000
00000000
00000000
00000000
00000000
00000000
00000000
00000000
00000000
00000000
00000000
00000000
00000000
00000000
00000000
00000000
00000000
00000000
00000000
00000000
00000000
00000000
00000000
00000000
00000000
00000000
00000000
00000000
00000000
00000000
00000000
00000000
00000000
00000000
00000000
00000000
00000000
00000000
00000000
00000000
00000000
00000000
00000000
00000000
00000000
00000000
00000000
00000000
00000000
00000000
00000000
00000000
00000000
00000000
00000000
00000000
00000000
00000000
00000000
00000000
00000000
00000000
00000000
00000000
00000000
00000000
00000000
00000000
00000000
00000000
00000000
00000000
00000000
00000000
00000000
00000000
00000000
00000000
00000000
00000000
00000000
00000000
00000000
00000000
00000000
00000000
00000000
00000000
00000000
00000000
00000000
00000000
00000000
00000000
00000000
00000000
00000000
00000000
00000000
00000000
00000000
00000000
00000000
00000000
00000000
00000000
00000000
00000000
00000000
00000000
00000000
00000000
00000000
00000000
00000000
00000000
00000000
00000000
00000000
00000000
00000000
00000000
00000000
00000000
00000000
00000000
00000000
00000000
00000000
00000000
00000000
00000000
00000000
00000000
00000000
00000000
00000000
00000000
00000000
00000000
00000000
00000000
00000000
00000000
00000000
00000000
00000000
00000000
00000000
00000000
00000000
00000000
00000000
00000000
00000000
00000000
00000000
00000000
00000000
00000000
00000000
00000000
00000000
00000000
00000000
00000000
00000000
00000000
00000000
00000000
00000000
00000000
00000000
00000000
00000000
00000000
00000000
00000000
00000000
00000000
00000000
00000000
00000000
00000000
00000000
00000000
00000000
00000000
00000000
00000000
00000000
00000000
00000000
00000000
00000000
00000000
00000000
00000000
00000000
00000000
00000000
00000000
00000000
00000000
00000000
00000000
00000000
00000000
00000000
00000000
00000000
00000000
00000000
00000000
00000000
00000000
00000000
00000000
00000000
00000000
00000000
00000000
00000000
00000000
00000000
00000000
00000000
00000000
00000000
00000000
00000000
00000000
00000000
00000000
00000000
00000000
00000000
00000000
00000000
00000000
00000000
00000000
00000000
00000000
00000000
00000000
00000000
00000000
00000000
00000000
00000000
00000000
00000000
00000000
00000000
00000000
00000000
00000000
00000000
00000000
00000000
00000000
00000000
00000000
00000000
00000000
00000000
00000000
00000000
00000000
00000000
00000000
00000000
00000000
00000000
00000000
00000000
00000000
00000000
00000000
00000000
00000000
00000000
00000000
00000000
00000000
00000000
00000000
00000000
00000000
00000000
00000000
00000000
00000000
00000000
00000000
00000000
00000000
00000000
00000000
00000000
00000000
00000000
00000000
00000000
00000000
00000000
00000000
00000000
00000000
00000000
00000000
00000000
00000000
00000000
00000000
00000000
00000000
00000000
00000000
00000000
00000000
00000000
00000000
00000000
00000000
00000000
00000000
00000000
00000000
00000000
00000000
00000000
00000000
00000000
00000000
00000000
00000000
00000000
00000000
00000000
00000000
00000000
00000000
00000000
00000000
00000000
00000000
00000000
00000000
00000000
00000000
00000000
00000000
00000000
00000000
00000000
00000000
00000000
00000000
00000000
00000000
00000000
00000000
00000000
00000000
00000000
00000000
00000000
00000000
00000000
00000000
00000000
00000000
00000000
00000000
00000000
00000000
00000000
00000000
00000000
00000000
00000000
00000000
00000000
00000000
00000000
00000000
00000000
00000000
00000000
00000000
00000000
00000000
00000000
00000000
00000000
00000000
00000000
00000000
00000000
00000000
00000000
00000000
00000000
00000000
00000000
00000000
00000000
00000000
00000000
00000000
00000000
00000000
00000000
00000000
00000000
00000000
00000000
00000000
00000000
00000000
00000000
00000000
00000000
00000000
00000000
00000000
00000000
00000000
00000000
00000000
00000000
00000000
00000000
00000000
00000000
00000000
00000000
00000000
00000000
00000000
00000000
00000000
00000000
00000000
00000000
00000000
00000000
00000000
00000000
00000000
00000000
00000000
00000000
00000000
00000000
00000000
00000000
00000000
00000000
00000000
00000000
00000000
00000000
00000000
00000000
00000000
00000000
00000000
00000000
00000000
00000000
00000000
00000000
00000000
00000000
00000000
00000000
00000000
00000000
00000000
00000000
00000000
00000000
00000000
00000000
00000000
00000000
00000000
00000000
00000000
00000000
00000000
00000000
00000000
00000000
00000000
00000000
00000000
00000000
00000000
00000000
00000000
00000000
00000000
00000000
00000000
00000000
00000000
00000000
00000000
00000000
00000000
00000000
00000000
00000000
00000000
00000000
00000000
00000000
00000000
00000000
00000000
00000000
00000000
00000000
00000000
00000000
00000000
00000000
00000000
00000000
00000000
00000000
00000000
00000000
00000000
00000000
00000000
00000000
00000000
00000000
00000000
00000000
00000000
00000000
00000000
00000000
00000000
00000000
00000000
00000000
00000000
00000000
00000000
00000000
00000000
00000000
00000000
00000000
00000000
00000000
00000000
00000000
00000000
00000000
00000000
00000000
00000000
00000000
00000000
00000000
00000000
00000000
00000000
00000000
00000000
00000000
00000000
00000000
00000000
00000000
00000000
00000000
00000000
00000000
00000000
00000000
00000000
00000000
00000000
00000000
00000000
00000000
00000000
00000000
00000000
00000000
00000000
00000000
00000000
00000000
00000000
00000000
00000000
00000000
00000000
00000000
00000000
00000000
00000000
00000000
00000000
00000000
00000000
00000000
00000000
00000000
00000000
00000000
00000000
00000000
00000000
00000000
00000000
00000000
00000000
00000000
00000000
00000000
00000000
00000000
00000000
00000000
00000000
00000000
00000000
00000000
00000000
00000000
00000000
00000000
00000000
00000000
00000000
00000000
00000000
00000000
00000000
00000000
00000000
00000000
00000000
00000000
00000000
00000000
00000000
00000000
00000000
00000000
00000000
00000000
00000000
00000000
00000000
00000000
00000000
00000000
00000000
00000000
00000000
00000000
00000000
00000000
00000000
00000000
00000000
00000000
00000000
00000000
00000000
00000000
00000000
00000000
00000000
00000000
00000000
00000000
00000000
00000000
00000000
00000000
00000000
00000000
00000000
00000000
00000000
00000000
00000000
00000000
00000000
00000000
00000000
00000000
00000000
00000000
00000000
00000000
00000000
00000000
00000000
00000000
00000000
00000000
00000000
00000000
00000000
00000000
00000000
00000000
00000000
00000000
00000000
00000000
00000000
00000000
00000000
00000000
00000000
00000000
00000000
00000000
00000000
00000000
00000000
00000000
00000000
00000000
00000000
00000000
00000000
00000000
00000000
00000000
00000000
00000000
00000000
00000000
00000000
00000000
00000000
00000000
00000000
00000000
00000000
00000000
00000000
00000000
00000000
00000000
00000000
00000000
00000000
00000000
00000000
00000000
00000000
00000000
00000000
00000000
00000000
00000000
00000000
00000000
00000000
00000000
00000000
00000000
00000000
00000000
00000000
00000000
00000000
00000000
00000000
00000000
00000000
00000000
00000000
00000000
00000000
00000000
00000000
00000000
00000000
00000000
00000000
00000000
00000000
00000000
00000000
00000000
00000000
00000000
00000000
00000000
00000000
00000000
00000000
00000000
00000000
00000000
00000000
00000000
00000000
00000000
00000000
00000000
00000000
00000000
00000000
00000000
00000000
00000000
00000000
00000000
00000000
00000000
00000000
00000000
00000000
00000000
00000000
00000000
00000000
00000000
00000000
00000000
00000000
00000000
00000000
00000000
00000000
00000000
00000000
00000000
00000000
00000000
00000000
00000000
00000000
00000000
00000000
00000000
00000000
00000000
00000000
00000000
00000000
00000000
00000000
00000000
00000000
00000000
00000000
00000000
00000000
00000000
00000000
00000000
00000000
00000000
00000000
00000000
00000000
00000000
00000000
00000000
00000000
00000000
00000000
00000000
00000000
00000000
00000000
00000000
00000000
00000000
00000000
00000000
00000000
00000000
00000000
00000000
00000000
00000000
00000000
00000000
00000000
00000000
00000000
00000000
00000000
00000000
00000000
00000000
00000000
00000000
00000000
00000000
00000000
00000000
00000000
00000000
00000000
00000000
00000000
00000000
00000000
00000000
00000000
00000000
00000000
00000000
00000000
00000000
00000000
00000000
00000000
00000000
00000000
00000000
00000000
00000000
00000000
00000000
00000000
00000000
00000000
00000000
00000000
00000000
00000000
00000000
00000000
00000000
00000000
00000000
00000000
00000000
00000000
00000000
00000000
00000000
00000000
00000000
00000000
00000000
00000000
00000000
00000000
00000000
00000000
00000000
00000000
00000000
00000000
00000000
00000000
00000000
00000000
00000000
00000000
00000000
00000000
00000000
00000000
00000000
00000000
00000000
00000000
00000000
00000000
00000000
00000000
00000000
00000000
00000000
00000000
00000000
00000000
00000000
00000000
00000000
00000000
00000000
00000000
00000000
00000000
00000000
00000000
00000000
00000000
00000000
00000000
00000000
00000000
00000000
00000000
00000000
00000000
00000000
00000000
00000000
00000000
00000000
00000000
00000000
00000000
00000000
00000000
00000000
00000000
00000000
00000000
00000000
00000000
00000000
00000000
00000000
00000000
00000000
00000000
00000000
00000000
00000000
00000000
00000000
00000000
00000000
00000000
00000000
00000000
00000000
00000000
00000000
00000000
00000000
00000000
00000000
00000000
00000000
00000000
00000000
00000000
00000000
00000000
00000000
00000000
00000000
00000000
00000000
00000000
00000000
00000000
00000000
00000000
00000000
00000000
00000000
00000000
00000000
00000000
00000000
00000000
00000000
00000000
00000000
00000000
00000000
00000000
00000000
00000000
00000000
00000000
00000000
00000000
00000000
00000000
00000000
00000000
00000000
00000000
00000000
00000000
00000000
00000000
00000000
00000000
00000000
00000000
00000000
00000000
00000000
00000000
00000000
00000000
00000000
00000000
00000000
00000000
00000000
00000000
00000000
00000000
00000000
00000000
00000000
00000000
00000000
00000000
00000000
00000000
00000000
00000000
00000000
00000000
00000000
00000000
00000000
00000000
00000000
00000000
00000000
00000000
00000000
00000000
00000000
00000000
00000000
00000000
00000000
00000000
00000000
00000000
00000000
00000000
00000000
00000000
00000000
00000000
00000000
00000000
00000000
00000000
00000000
00000000
00000000
00000000
00000000
00000000
00000000
00000000
00000000
00000000
00000000
00000000
00000000
00000000
00000000
00000000
00000000
00000000
00000000
00000000
00000000
00000000
00000000
00000000
00000000
00000000
00000000
00000000
00000000
00000000
00000000
00000000
00000000
00000000
00000000
00000000
00000000
00000000
00000000
00000000
00000000
00000000
00000000
00000000
00000000
00000000
00000000
00000000
00000000
00000000
00000000
00000000
00000000
00000000
00000000
00000000
00000000
00000000
00000000
00000000
00000000
00000000
00000000
00000000
00000000
00000000
00000000
00000000
00000000
00000000
00000000
00000000
00000000
00000000
00000000
00000000
00000000
00000000
00000000
00000000
00000000
00000000
00000000
00000000
00000000
00000000
00000000
00000000
00000000
00000000
00000000
00000000
00000000
00000000
00000000
00000000
00000000
00000000
00000000
00000000
00000000
00000000
00000000
00000000
00000000
00000000
00000000
00000000
00000000
00000000
00000000
00000000
00000000
00000000
00000000
00000000
00000000
00000000
00000000
00000000
00000000
00000000
00000000
00000000
00000000
00000000
00000000
00000000
00000000
00000000
00000000
00000000
00000000
00000000
00000000
00000000
00000000
00000000
00000000
00000000
00000000
00000000
00000000
00000000
00000000
00000000
00000000
00000000
00000000
00000000
00000000
00000000
00000000
00000000
00000000
00000000
00000000
00000000
00000000
00000000
00000000
00000000
00000000
00000000
00000000
00000000
00000000
00000000
00000000
00000000
00000000
00000000
00000000
00000000
00000000
00000000
00000000
00000000
00000000
00000000
00000000
00000000
00000000
00000000
00000000
00000000
00000000
00000000
00000000
00000000
00000000
00000000
00000000
00000000
00000000
00000000
00000000
00000000
00000000
00000000
00000000
00000000
00000000
00000000
00000000
00000000
00000000
00000000
00000000
00000000
00000000
00000000
00000000
00000000
00000000
00000000
00000000
00000000
00000000
00000000
00000000
00000000
00000000
00000000
00000000
00000000
00000000
00000000
00000000
00000000
00000000
00000000
00000000
00000000
00000000
00000000
00000000
00000000
00000000
00000000
00000000
00000000
00000000
00000000
00000000
00000000
00000000
00000000
00000000
00000000
00000000
00000000
00000000
00000000
00000000
00000000
00000000
00000000
00000000
00000000
00000000
00000000
00000000
00000000
00000000
00000000
00000000
00000000
00000000
00000000
00000000
00000000
00000000
00000000
00000000
00000000
00000000
00000000
00000000
00000000
00000000
00000000
00000000
00000000
00000000
00000000
00000000
00000000
00000000
00000000
00000000
00000000
00000000
00000000
00000000
00000000
00000000
00000000
00000000
00000000
00000000
00000000
00000000
00000000
00000000
00000000
00000000
00000000
00000000
00000000
00000000
00000000
00000000
00000000
00000000
00000000
00000000
00000000
00000000
00000000
00000000
00000000
00000000
00000000
00000000
00000000
00000000
00000000
00000000
00000000
00000000
00000000
00000000
00000000
00000000
00000000
00000000
00000000
00000000
00000000
00000000
00000000
00000000
00000000
00000000
00000000
00000000
00000000
00000000
00000000
00000000
00000000
00000000
00000000
00000000
00000000
00000000
00000000
00000000
00000000
00000000
00000000
00000000
00000000
00000000
00000000
00000000
00000000
00000000
00000000
00000000
00000000
00000000
00000000
00000000
00000000
00000000
00000000
00000000
00000000
00000000
00000000
00000000
00000000
00000000
00000000
00000000
00000000
00000000
00000000
00000000
00000000
00000000
00000000
00000000
00000000
00000000
00000000
00000000
00000000
00000000
00000000
00000000
00000000
00000000
00000000
00000000
00000000
00000000
00000000
00000000
00000000
00000000
00000000
00000000
00000000
00000000
00000000
00000000
00000000
00000000
00000000
00000000
00000000
00000000
00000000
00000000
00000000
00000000
00000000
00000000
00000000
00000000
00000000
00000000
00000000
00000000
00000000
00000000
00000000
00000000
00000000
00000000
00000000
00000000
00000000
00000000
00000000
00000000
00000000
00000000
00000000
00000000
00000000
00000000
00000000
00000000
00000000
00000000
00000000
00000000
00000000
00000000
00000000
00000000
00000000
00000000
00000000
00000000
00000000
00000000
00000000
00000000
00000000
00000000
00000000
00000000
00000000
00000000
00000000
00000000
00000000
00000000
00000000
00000000
00000000
00000000
00000000
00000000
00000000
00000000
00000000
00000000
00000000
00000000
00000000
00000000
00000000
00000000
00000000
00000000
00000000
00000000
00000000
00000000
00000000
00000000
00000000
00000000
00000000
00000000
00000000
00000000
00000000
00000000
00000000
00000000
00000000
00000000
00000000
00000000
00000000
00000000
00000000
00000000
00000000
00000000
00000000
00000000
00000000
00000000
00000000
00000000
00000000
00000000
00000000
00000000
00000000
00000000
00000000
00000000
00000000
00000000
00000000
00000000
00000000
00000000
00000000
00000000
00000000
00000000
00000000
00000000
00000000
00000000
00000000
00000000
00000000
00000000
00000000
00000000
00000000
00000000
00000000
00000000
00000000
00000000
00000000
00000000
00000000
00000000
00000000
00000000
00000000
00000000
00000000
00000000
00000000
00000000
00000000
00000000
00000000
00000000
00000000
00000000
00000000
00000000
00000000
00000000
00000000
00000000
00000000
00000000
00000000
00000000
00000000
00000000
00000000
00000000
00000000
00000000
00000000
00000000
00000000
00000000
00000000
00000000
00000000
00000000
00000000
00000000
00000000
00000000
00000000
00000000
00000000
00000000
00000000
00000000
00000000
00000000
00000000
00000000
00000000
00000000
00000000
00000000
00000000
00000000
00000000
00000000
00000000
00000000
00000000
00000000
00000000
00000000
00000000
00000000
00000000
00000000
00000000
00000000
00000000
00000000
00000000
00000000
00000000
00000000
00000000
00000000
00000000
00000000
00000000
00000000
00000000
00000000
00000000
00000000
00000000
00000000
00000000
00000000
00000000
00000000
00000000
00000000
00000000
00000000
00000000
00000000
00000000
00000000
00000000
00000000
00000000
00000000
00000000
00000000
00000000
00000000
00000000
00000000
00000000
00000000
00000000
00000000
00000000
00000000
00000000
00000000
00000000
00000000
00000000
00000000
00000000
00000000
00000000
00000000
00000000
00000000
00000000
00000000
00000000
00000000
00000000
00000000
00000000
00000000
00000000
00000000
00000000
00000000
00000000
00000000
00000000
00000000
00000000
00000000
00000000
00000000
00000000
00000000
00000000
00000000
00000000
00000000
00000000
00000000
00000000
00000000
00000000
00000000
00000000
00000000
00000000
00000000
00000000
00000000
00000000
00000000
00000000
00000000
00000000
00000000
00000000
00000000
00000000
00000000
00000000
00000000
00000000
00000000
00000000
00000000
00000000
00000000
00000000
00000000
00000000
00000000
00000000
00000000
00000000
00000000
00000000
00000000
00000000
00000000
00000000
00000000
00000000
00000000
00000000
00000000
00000000
00000000
00000000
00000000
00000000
00000000
00000000
00000000
00000000
00000000
00000000
00000000
00000000
00000000
00000000
00000000
00000000
00000000
00000000
00000000
00000000
00000000
00000000
00000000
00000000
00000000
00000000
00000000
00000000
00000000
00000000
00000000
00000000
00000000
00000000
00000000
00000000
00000000
00000000
00000000
00000000
00000000
00000000
00000000
00000000
00000000
00000000
00000000
00000000
00000000
00000000
00000000
00000000
00000000
00000000
00000000
00000000
00000000
00000000
00000000
00000000
00000000
00000000
00000000
00000000
00000000
00000000
00000000
00000000
00000000
00000000
00000000
00000000
00000000
00000000
00000000
00000000
00000000
00000000
00000000
00000000
00000000
00000000
00000000
00000000
00000000
00000000
00000000
00000000
00000000
00000000
00000000
00000000
00000000
00000000
00000000
00000000
00000000
00000000
00000000
00000000
00000000
00000000
00000000
00000000
00000000
00000000
00000000
00000000
00000000
00000000
00000000
00000000
00000000
00000000
00000000
00000000
00000000
00000000
00000000
00000000
00000000
00000000
00000000
00000000
00000000
00000000
00000000
00000000
00000000
00000000
00000000
00000000
00000000
00000000
00000000
00000000
00000000
00000000
00000000
00000000
00000000
00000000
00000000
00000000
00000000
00000000
00000000
00000000
00000000
00000000
00000000
00000000
00000000
00000000
00000000
00000000
00000000
00000000
00000000
00000000
00000000
00000000
00000000
00000000
00000000
00000000
00000000
00000000
00000000
00000000
00000000
00000000
00000000
00000000
00000000
00000000
00000000
00000000
00000000
00000000
00000000
00000000
00000000
00000000
00000000
00000000
00000000
00000000
00000000
00000000
00000000
00000000
00000000
00000000
00000000
00000000
00000000
00000000
00000000
00000000
00000000
00000000
00000000
00000000
00000000
00000000
00000000
00000000
00000000
00000000
00000000
00000000
00000000
00000000
00000000
00000000
00000000
00000000
00000000
00000000
00000000
00000000
00000000
00000000
00000000
00000000
00000000
00000000
00000000
00000000
00000000
00000000
00000000
00000000
00000000
00000000
00000000
00000000
00000000
00000000
00000000
00000000
00000000
00000000
00000000
00000000
00000000
00000000
00000000
00000000
00000000
00000000
00000000
00000000
00000000
00000000
00000000
00000000
00000000
00000000
00000000
00000000
00000000
00000000
00000000
00000000
00000000
00000000
00000000
00000000
00000000
00000000
00000000
00000000
00000000
00000000
00000000
00000000
00000000
00000000
00000000
00000000
00000000
00000000
00000000
00000000
00000000
00000000
00000000
00000000
00000000
00000000
00000000
00000000
00000000
00000000
00000000
00000000
00000000
00000000
00000000
00000000
00000000
00000000
00000000
00000000
00000000
00000000
00000000
00000000
00000000
00000000
00000000
00000000
00000000
00000000
00000000
00000000
00000000
00000000
00000000
00000000
00000000
00000000
00000000
00000000
00000000
00000000
00000000
00000000
00000000
00000000
00000000
00000000
00000000
00000000
00000000
00000000
00000000
00000000
00000000
00000000
00000000
00000000
00000000
00000000
00000000
00000000
00000000
00000000
00000000
00000000
00000000
00000000
00000000
00000000
00000000
00000000
00000000
00000000
00000000
00000000
00000000
00000000
00000000
00000000
00000000
00000000
00000000
00000000
00000000
00000000
00000000
00000000
00000000
00000000
00000000
00000000
00000000
00000000
00000000
00000000
00000000
00000000
00000000
00000000
00000000
00000000
00000000
00000000
00000000
00000000
00000000
00000000
00000000
00000000
00000000
00000000
00000000
00000000
00000000
00000000
00000000
00000000
00000000
00000000
00000000
00000000
00000000
00000000
00000000
00000000
00000000
00000000
00000000
00000000
00000000
00000000
00000000
00000000
00000000
00000000
00000000
00000000
00000000
00000000
00000000
00000000
00000000
00000000
00000000
00000000
00000000
00000000
00000000
00000000
00000000
00000000
00000000
00000000
00000000
00000000
00000000
00000000
00000000
00000000
00000000
00000000
00000000
00000000
00000000
00000000
00000000
00000000
00000000
00000000
00000000
00000000
00000000
00000000
00000000
00000000
00000000
00000000
00000000
00000000
00000000
00000000
00000000
00000000
00000000
00000000
00000000
00000000
00000000
00000000
00000000
00000000
00000000
00000000
00000000
00000000
00000000
00000000
00000000
00000000
00000000
00000000
00000000
00000000
00000000
00000000
00000000
00000000
00000000
00000000
00000000
00000000
00000000
00000000
00000000
00000000
00000000
00000000
00000000
00000000
00000000
00000000
00000000
00000000
00000000
00000000
00000000
00000000
00000000
00000000
00000000
00000000
00000000
00000000
00000000
00000000
00000000
00000000
00000000
00000000
00000000
00000000
00000000
00000000
00000000
00000000
00000000
00000000
00000000
00000000
00000000
00000000
00000000
00000000
00000000
00000000
00000000
00000000
00000000
00000000
00000000
00000000
00000000
00000000
00000000
00000000
00000000
00000000
00000000
00000000
00000000
00000000
00000000
00000000
00000000
00000000
00000000
00000000
00000000
00000000
00000000
00000000
00000000
00000000
00000000
00000000
00000000
00000000
00000000
00000000
00000000
00000000
00000000
00000000
00000000
00000000
00000000
00000000
00000000
00000000
00000000
00000000
00000000
00000000
00000000
00000000
00000000
00000000
00000000
00000000
00000000
00000000
00000000
00000000
00000000
00000000
00000000
00000000
00000000
00000000
00000000
00000000
00000000
00000000
00000000
00000000
00000000
00000000
00000000
00000000
00000000
00000000
00000000
00000000
00000000
00000000
00000000
00000000
00000000
00000000
00000000
00000000
00000000
00000000
00000000
00000000
00000000
00000000
00000000
00000000
00000000
00000000
00000000
00000000
00000000
00000000
00000000
00000000
00000000
00000000
00000000
00000000
00000000
00000000
00000000
00000000
00000000
00000000
00000000
00000000
00000000
00000000
00000000
00000000
00000000
00000000
00000000
00000000
00000000
00000000
00000000
00000000
00000000
00000000
00000000
00000000
00000000
00000000
00000000
00000000
00000000
00000000
00000000
00000000
00000000
00000000
00000000
00000000
00000000
00000000
00000000
00000000
00000000
00000000
00000000
00000000
00000000
00000000
00000000
00000000
00000000
00000000
00000000
00000000
00000000
00000000
00000000
00000000
00000000
00000000
00000000
00000000
00000000
00000000
00000000
00000000
00000000
00000000
00000000
00000000
00000000
00000000
00000000
00000000
00000000
00000000
00000000
00000000
00000000
00000000
00000000
00000000
00000000
00000000
00000000
00000000
00000000
00000000
00000000
00000000
00000000
00000000
00000000
00000000
00000000
00000000
00000000
00000000
00000000
00000000
00000000
00000000
00000000
00000000
00000000
00000000
00000000
00000000
00000000
00000000
00000000
00000000
00000000
00000000
00000000
00000000
00000000
00000000
00000000
00000000
00000000
00000000
00000000
00000000
00000000
00000000
00000000
00000000
00000000
00000000
00000000
00000000
00000000
00000000
00000000
00000000
00000000
00000000
00000000
00000000
00000000
00000000
00000000
00000000
00000000
00000000
00000000
00000000
00000000
00000000
00000000
00000000
00000000
00000000
00000000
00000000
00000000
00000000
00000000
00000000
00000000
00000000
00000000
00000000
00000000
00000000
00000000
00000000
00000000
00000000
00000000
00000000
00000000
00000000
00000000
00000000
00000000
00000000
00000000
00000000
00000000
00000000
00000000
00000000
00000000
00000000
00000000
00000000
00000000
00000000
00000000
00000000
00000000
00000000
00000000
00000000
00000000
00000000
00000000
00000000
00000000
00000000
00000000
00000000
00000000
00000000
00000000
00000000
00000000
00000000
00000000
00000000
00000000
00000000
00000000
00000000
00000000
00000000
00000000
00000000
00000000
00000000
00000000
00000000
00000000
00000000
00000000
00000000
00000000
00000000
00000000
00000000
00000000
00000000
00000000
00000000
00000000
00000000
00000000
00000000
00000000
00000000
00000000
00000000
00000000
00000000
00000000
00000000
00000000
00000000
00000000
00000000
00000000
00000000
00000000
00000000
00000000
00000000
00000000
00000000
00000000
00000000
00000000
00000000
00000000
00000000
00000000
00000000
00000000
00000000
00000000
00000000
00000000
00000000
00000000
00000000
00000000
00000000
00000000
00000000
00000000
00000000
00000000
00000000
00000000
00000000
00000000
00000000
00000000
00000000
00000000
00000000
00000000
00000000
00000000
00000000
00000000
00000000
00000000
00000000
00000000
00000000
00000000
00000000
00000000
00000000
00000000
00000000
00000000
00000000
00000000
00000000
00000000
00000000
00000000
00000000
00000000
00000000
00000000
00000000
00000000
00000000
00000000
00000000
00000000
00000000
00000000
00000000
00000000
00000000
00000000
00000000
00000000
00000000
00000000
00000000
00000000
00000000
00000000
00000000
00000000
00000000
00000000
00000000
00000000
00000000
00000000
00000000
00000000
00000000
00000000
00000000
00000000
00000000
00000000
00000000
00000000
00000000
00000000
00000000
00000000
00000000
00000000
00000000
00000000
00000000
00000000
00000000
00000000
00000000
00000000
00000000
00000000
00000000
00000000
00000000
00000000
00000000
00000000
00000000
00000000
00000000
00000000
00000000
00000000
00000000
00000000
00000000
00000000
00000000
00000000
00000000
00000000
00000000
00000000
00000000
00000000
00000000
00000000
00000000
00000000
00000000
00000000
00000000
00000000
00000000
00000000
00000000
00000000
00000000
00000000
00000000
00000000
00000000
00000000
00000000
00000000
00000000
00000000
00000000
00000000
00000000
00000000
00000000
00000000
00000000
00000000
00000000
00000000
00000000
00000000
00000000
00000000
00000000
00000000
00000000
00000000
00000000
00000000
00000000
00000000
00000000
00000000
00000000
00000000
00000000
00000000
00000000
00000000
00000000
00000000
00000000
00000000
00000000
00000000
00000000
00000000
00000000
00000000
00000000
00000000
00000000
00000000
00000000
00000000
00000000
00000000
00000000
00000000
00000000
00000000
00000000
00000000
00000000
00000000
00000000
00000000
00000000
00000000
00000000
00000000
00000000
00000000
00000000
00000000
00000000
00000000
00000000
00000000
00000000
00000000
00000000
00000000
00000000
00000000
00000000
00000000
00000000
00000000
00000000
00000000
00000000
00000000
00000000
00000000
00000000
00000000
00000000
00000000
00000000
00000000
00000000
00000000
00000000
00000000
00000000
00000000
00000000
00000000
00000000
00000000
00000000
00000000
00000000
00000000
00000000
00000000
00000000
00000000
00000000
00000000
00000000
00000000
00000000
00000000
00000000
00000000
00000000
00000000
00000000
00000000
00000000
00000000
00000000
00000000
00000000
00000000
00000000
00000000
00000000
00000000
00000000
00000000
00000000
00000000
00000000
00000000
00000000
00000000
00000000
00000000
00000000
00000000
00000000
00000000
00000000
00000000
00000000
00000000
00000000
00000000
00000000
00000000
00000000
00000000
00000000
00000000
00000000
00000000
00000000
00000000
00000000
00000000
00000000
00000000
00000000
00000000
00000000
00000000
00000000
00000000
00000000
00000000
00000000
00000000
00000000
00000000
00000000
00000000
00000000
00000000
00000000
00000000
00000000
00000000
00000000
00000000
00000000
00000000
00000000
00000000
00000000
00000000
00000000
00000000
00000000
00000000
00000000
00000000
00000000
00000000
00000000
00000000
00000000
00000000
00000000
00000000
00000000
00000000
00000000
00000000
00000000
00000000
00000000
00000000
00000000
00000000
00000000
00000000
00000000
00000000
00000000
00000000
00000000
00000000
00000000
00000000
00000000
00000000
00000000
00000000
00000000
00000000
00000000
00000000
00000000
00000000
00000000
00000000
00000000
00000000
00000000
00000000
00000000
00000000
00000000
00000000
00000000
00000000
00000000
00000000
00000000
00000000
00000000
00000000
00000000
00000000
00000000
00000000
00000000
00000000
00000000
00000000
00000000
00000000
00000000
00000000
00000000
00000000
00000000
00000000
00000000
00000000
00000000
00000000
00000000
00000000
00000000
00000000
00000000
00000000
00000000
00000000
00000000
00000000
00000000
00000000
00000000
00000000
00000000
00000000
00000000
00000000
00000000
00000000
00000000
00000000
00000000
00000000
00000000
00000000
00000000
00000000
00000000
00000000
00000000
00000000
00000000
00000000
00000000
00000000
00000000
00000000
00000000
00000000
00000000
00000000
00000000
00000000
00000000
00000000
00000000
00000000
00000000
00000000
00000000
00000000
00000000
00000000
00000000
00000000
00000000
00000000
00000000
00000000
00000000
00000000
00000000
00000000
00000000
00000000
00000000
00000000
00000000
00000000
00000000
00000000
00000000
00000000
00000000
00000000
00000000
00000000
00000000
00000000
00000000
00000000
00000000
00000000
00000000
00000000
00000000
00000000
00000000
00000000
00000000
00000000
00000000
00000000
00000000
00000000
00000000
00000000
00000000
00000000
00000000
00000000
00000000
00000000
00000000
00000000
00000000
00000000
00000000
00000000
00000000
00000000
00000000
00000000
00000000
00000000
00000000
00000000
00000000
00000000
00000000
00000000
00000000
00000000
00000000
00000000
00000000
00000000
00000000
00000000
00000000
00000000
00000000
00000000
00000000
00000000
00000000
00000000
00000000
00000000
00000000
00000000
00000000
00000000
00000000
00000000
00000000
00000000
00000000
00000000
00000000
00000000
00000000
00000000
00000000
00000000
00000000
00000000
00000000
00000000
00000000
00000000
00000000
00000000
00000000
00000000
00000000
00000000
00000000
00000000
00000000
00000000
00000000
00000000
00000000
00000000
00000000
00000000
00000000
00000000
00000000
00000000
00000000
00000000
00000000
00000000
00000000
00000000
00000000
00000000
00000000
00000000
00000000
00000000
00000000
00000000
00000000
00000000
00000000
00000000
00000000
00000000
00000000
00000000
00000000
00000000
00000000
00000000
00000000
00000000
00000000
00000000
00000000
00000000
00000000
00000000
00000000
00000000
00000000
00000000
00000000
00000000
00000000
00000000
00000000
00000000
00000000
00000000
00000000
00000000
00000000
00000000
00000000
00000000
00000000
00000000
00000000
00000000
00000000
00000000
00000000
00000000
00000000
00000000
00000000
00000000
00000000
00000000
00000000
00000000
00000000
00000000
00000000
00000000
00000000
00000000
00000000
00000000
00000000
00000000
00000000
00000000
00000000
00000000
00000000
00000000
00000000
00000000
00000000
00000000
00000000
00000000
00000000
00000000
00000000
00000000
00000000
00000000
00000000
00000000
00000000
00000000
00000000
00000000
00000000
00000000
00000000
00000000
00000000
00000000
00000000
00000000
00000000
00000000
00000000
00000000
00000000
00000000
00000000
00000000
00000000
00000000
00000000
00000000
00000000
00000000
00000000
00000000
00000000
00000000
00000000
00000000
00000000
00000000
00000000
00000000
00000000
00000000
00000000
00000000
00000000
00000000
00000000
00000000
00000000
00000000
00000000
00000000
00000000
00000000
00000000
00000000
00000000
00000000
00000000
00000000
00000000
00000000
00000000
00000000
00000000
00000000
00000000
00000000
00000000
00000000
00000000
00000000
00000000
00000000
00000000
00000000
00000000
00000000
00000000
00000000
00000000
00000000
00000000
00000000
00000000
00000000
00000000
00000000
00000000
00000000
00000000
00000000
00000000
00000000
00000000
00000000
00000000
00000000
00000000
00000000
00000000
00000000
00000000
00000000
00000000
00000000
00000000
00000000
00000000
00000000
00000000
00000000
00000000
00000000
00000000
00000000
00000000
00000000
00000000
00000000
00000000
00000000
00000000
00000000
00000000
00000000
00000000
00000000
00000000
00000000
00000000
00000000
00000000
00000000
00000000
00000000
00000000
00000000
00000000
00000000
00000000
00000000
00000000
00000000
00000000
00000000
00000000
00000000
00000000
00000000
00000000
00000000
00000000
00000000
00000000
00000000
00000000
00000000
00000000
00000000
00000000
00000000
00000000
00000000
00000000
00000000
00000000
00000000
00000000
00000000
00000000
00000000
00000000
00000000
00000000
00000000
00000000
00000000
00000000
00000000
00000000
00000000
00000000
00000000
00000000
00000000
00000000
00000000
00000000
00000000
00000000
00000000
00000000
00000000
00000000
00000000
00000000
00000000
00000000
00000000
00000000
00000000
00000000
00000000
00000000
00000000
00000000
00000000
00000000
00000000
00000000
00000000
00000000
00000000
00000000
00000000
00000000
00000000
00000000
00000000
00000000
00000000
00000000
00000000
00000000
00000000
00000000
00000000
00000000
00000000
00000000
00000000
00000000
00000000
00000000
00000000
00000000
00000000
00000000
00000000
00000000
00000000
00000000
00000000
00000000
00000000
00000000
00000000
00000000
00000000
00000000
00000000
00000000
00000000
00000000
00000000
00000000
00000000
00000000
00000000
00000000
00000000
00000000
00000000
00000000
00000000
00000000
00000000
00000000
00000000
00000000
00000000
00000000
00000000
00000000
00000000
00000000
00000000
00000000
00000000
00000000
00000000
00000000
00000000
00000000
00000000
00000000
00000000
00000000
00000000
00000000
00000000
00000000
00000000
00000000
00000000
00000000
00000000
00000000
00000000
00000000
00000000
00000000
00000000
00000000
00000000
00000000
00000000
00000000
00000000
00000000
00000000
00000000
00000000
00000000
00000000
00000000
00000000
00000000
00000000
00000000
00000000
00000000
00000000
00000000
00000000
00000000
00000000
00000000
00000000
00000000
00000000
00000000
00000000
00000000
00000000
00000000
00000000
00000000
00000000
00000000
00000000
00000000
00000000
00000000
00000000
00000000
00000000
00000000
00000000
00000000
00000000
00000000
00000000
00000000
00000000
00000000
00000000
00000000
00000000
00000000
00000000
00000000
00000000
00000000
00000000
00000000
00000000
00000000
00000000
00000000
00000000
00000000
00000000
00000000
00000000
00000000
00000000
00000000
00000000
00000000
00000000
00000000
00000000
00000000
00000000
00000000
00000000
00000000
00000000
00000000
00000000
00000000
00000000
00000000
00000000
00000000
00000000
00000000
00000000
00000000
00000000
00000000
00000000
00000000
00000000
00000000
00000000
00000000
00000000
00000000
00000000
00000000
00000000
00000000
00000000
00000000
00000000
00000000
00000000
00000000
00000000
00000000
00000000
00000000
00000000
00000000
00000000
00000000
00000000
00000000
00000000
00000000
00000000
00000000
00000000
00000000
00000000
00000000
00000000
00000000
00000000
00000000
00000000
00000000
00000000
00000000
00000000
00000000
00000000
00000000
00000000
00000000
00000000
00000000
00000000
00000000
00000000
00000000
00000000
00000000
00000000
00000000
00000000
00000000
00000000
00000000
00000000
00000000
00000000
00000000
00000000
00000000
00000000
00000000
00000000
00000000
00000000
00000000
00000000
00000000
00000000
00000000
00000000
00000000
00000000
00000000
00000000
00000000
00000000
00000000
00000000
00000000
00000000
00000000
00000000
00000000
00000000
00000000
00000000
00000000
00000000
00000000
00000000
00000000
00000000
00000000
00000000
00000000
00000000
00000000
00000000
00000000
00000000
00000000
00000000
00000000
00000000
00000000
00000000
00000000
00000000
00000000
00000000
00000000
00000000
00000000
00000000
00000000
00000000
00000000
00000000
00000000
00000000
00000000
00000000
00000000
00000000
00000000
00000000
00000000
00000000
00000000
00000000
00000000
00000000
00000000
00000000
00000000
00000000
00000000
00000000
00000000
00000000
00000000
00000000
00000000
00000000
00000000
00000000
00000000
00000000
00000000
00000000
00000000
00000000
00000000
00000000
00000000
00000000
00000000
00000000
00000000
00000000
00000000
00000000
00000000
00000000
00000000
00000000
00000000
00000000
00000000
00000000
00000000
00000000
00000000
00000000
00000000
00000000
00000000
00000000
00000000
00000000
00000000
00000000
00000000
00000000
00000000
00000000
00000000
00000000
00000000
00000000
00000000
00000000
00000000
00000000
00000000
00000000
00000000
00000000
00000000
00000000
00000000
00000000
00000000
00000000
00000000
00000000
00000000
00000000
00000000
00000000
00000000
00000000
00000000
00000000
00000000
00000000
00000000
00000000
00000000
00000000
00000000
00000000
00000000
00000000
00000000
00000000
00000000
00000000
00000000
00000000
00000000
00000000
00000000
00000000
00000000
00000000
00000000
00000000
00000000
00000000
00000000
00000000
00000000
00000000
00000000
00000000
00000000
00000000
00000000
00000000
00000000
00000000
00000000
00000000
00000000
00000000
00000000
00000000
00000000
00000000
00000000
00000000
00000000
00000000
00000000
00000000
00000000
00000000
00000000
00000000
00000000
00000000
00000000
00000000
00000000
00000000
00000000
00000000
00000000
00000000
00000000
00000000
00000000
00000000
00000000
00000000
00000000
00000000
00000000
00000000
00000000
00000000
00000000
00000000
00000000
00000000
00000000
00000000
00000000
00000000
00000000
00000000
00000000
00000000
00000000
00000000
00000000
00000000
00000000
00000000
00000000
00000000
00000000
00000000
00000000
00000000
00000000
00000000
00000000
00000000
00000000
00000000
00000000
00000000
00000000
00000000
00000000
00000000
00000000
00000000
00000000
00000000
00000000
00000000
00000000
00000000
00000000
00000000
00000000
00000000
00000000
00000000
00000000
00000000
00000000
00000000
00000000
00000000
00000000
00000000
00000000
00000000
00000000
00000000
00000000
00000000
00000000
00000000
00000000
00000000
00000000
00000000
00000000
00000000
00000000
00000000
00000000
00000000
00000000
00000000
00000000
00000000
00000000
00000000
00000000
00000000
00000000
00000000
00000000
00000000
00000000
00000000
00000000
00000000
00000000
00000000
00000000
00000000
00000000
00000000
00000000
00000000
00000000
00000000
00000000
00000000
00000000
00000000
00000000
00000000
00000000
00000000
00000000
00000000
00000000
00000000
00000000
00000000
00000000
00000000
00000000
00000000
00000000
00000000
00000000
00000000
00000000
00000000
00000000
00000000
00000000
00000000
00000000
00000000
00000000
00000000
00000000
00000000
00000000
00000000
00000000
00000000
00000000
00000000
00000000
00000000
00000000
00000000
00000000
00000000
00000000
00000000
00000000
00000000
00000000
00000000
00000000
00000000
00000000
00000000
00000000
00000000
00000000
00000000
00000000
00000000
00000000
00000000
00000000
00000000
00000000
00000000
00000000
00000000
00000000
00000000
00000000
00000000
00000000
00000000
00000000
00000000
00000000
00000000
00000000
00000000
00000000
00000000
00000000
00000000
00000000
00000000
00000000
00000000
00000000
00000000
00000000
00000000
00000000
00000000
00000000
00000000
00000000
00000000
00000000
00000000
00000000
00000000
00000000
00000000
00000000
00000000
00000000
00000000
00000000
00000000
00000000
00000000
00000000
00000000
00000000
00000000
00000000
00000000
00000000
00000000
00000000
00000000
00000000
00000000
00000000
00000000
00000000
00000000
00000000
00000000
00000000
00000000
00000000
00000000
00000000
00000000
00000000
00000000
00000000
00000000
00000000
00000000
00000000
00000000
00000000
00000000
00000000
00000000
00000000
00000000
00000000
00000000
00000000
00000000
00000000
00000000
00000000
00000000
00000000
00000000
00000000
00000000
00000000
00000000
00000000
00000000
00000000
00000000
00000000
00000000
00000000
00000000
00000000
00000000
00000000
00000000
00000000
00000000
00000000
00000000
00000000
00000000
00000000
00000000
00000000
00000000
00000000
00000000
00000000
00000000
00000000
00000000
00000000
00000000
00000000
00000000
00000000
00000000
00000000
00000000
00000000
00000000
00000000
00000000
00000000
00000000
00000000
00000000
00000000
00000000
00000000
00000000
00000000
00000000
00000000
00000000
00000000
00000000
00000000
00000000
00000000
00000000
00000000
00000000
00000000
00000000
00000000
00000000
00000000
00000000
00000000
00000000
00000000
00000000
00000000
00000000
00000000
00000000
00000000
00000000
00000000
00000000
00000000
00000000
00000000
00000000
00000000
00000000
00000000
00000000
00000000
00000000
00000000
00000000
00000000
00000000
00000000
00000000
00000000
00000000
00000000
00000000
00000000
00000000
00000000
00000000
00000000
00000000
00000000
00000000
00000000
00000000
00000000
00000000
00000000
00000000
00000000
00000000
00000000
00000000
00000000
00000000
00000000
00000000
00000000
00000000
00000000
00000000
00000000
00000000
00000000
00000000
00000000
00000000
00000000
00000000
00000000
00000000
00000000
00000000
00000000
00000000
00000000
00000000
00000000
00000000
00000000
00000000
00000000
00000000
00000000
00000000
00000000
00000000
00000000
00000000
00000000
00000000
00000000
00000000
00000000
00000000
00000000
00000000
00000000
00000000
00000000
00000000
00000000
00000000
00000000
00000000
00000000
00000000
00000000
00000000
00000000
00000000
00000000
00000000
00000000
00000000
00000000
00000000
00000000
00000000
00000000
00000000
00000000
00000000
00000000
00000000
00000000
00000000
00000000
00000000
00000000
00000000
00000000
00000000
00000000
00000000
00000000
00000000
00000000
00000000
00000000
00000000
00000000
00000000
00000000
00000000
00000000
00000000
00000000
00000000
00000000
00000000
00000000
00000000
00000000
00000000
00000000
00000000
00000000
00000000
00000000
00000000
00000000
00000000
00000000
00000000
00000000
00000000
00000000
00000000
00000000
00000000
00000000
00000000
00000000
00000000
00000000
00000000
00000000
00000000
00000000
00000000
00000000
00000000
00000000
00000000
00000000
00000000
00000000
00000000
00000000
00000000
00000000
00000000
00000000
00000000
00000000
00000000
00000000
00000000
00000000
00000000
00000000
00000000
00000000
00000000
00000000
00000000
00000000
00000000
00000000
00000000
00000000
00000000
00000000
00000000
00000000
00000000
00000000
00000000
00000000
00000000
00000000
00000000
00000000
00000000
00000000
00000000
00000000
00000000
00000000
00000000
00000000
00000000
00000000
00000000
00000000
00000000
00000000
00000000
00000000
00000000
00000000
00000000
00000000
00000000
00000000
00000000
00000000
00000000
00000000
00000000
00000000
00000000
00000000
00000000
00000000
00000000
00000000
00000000
00000000
00000000
00000000
00000000
00000000
00000000
00000000
00000000
00000000
00000000
00000000
00000000
00000000
00000000
00000000
00000000
00000000
00000000
00000000
00000000
00000000
00000000
00000000
00000000
00000000
00000000
00000000
00000000
00000000
00000000
00000000
00000000
00000000
00000000
00000000
00000000
00000000
00000000
00000000
00000000
00000000
00000000
00000000
00000000
00000000
00000000
00000000
00000000
00000000
00000000
00000000
00000000
00000000
00000000
00000000
00000000
00000000
00000000
00000000
00000000
00000000
00000000
00000000
00000000
00000000
00000000
00000000
00000000
00000000
00000000
00000000
00000000
00000000
00000000
00000000
00000000
00000000
00000000
00000000
00000000
00000000
00000000
00000000
00000000
00000000
00000000
00000000
00000000
00000000
00000000
00000000
00000000
00000000
00000000
00000000
00000000
00000000
00000000
00000000
00000000
00000000
00000000
00000000
00000000
00000000
00000000
00000000
00000000
00000000
00000000
00000000
00000000
00000000
00000000
00000000
00000000
00000000
00000000
00000000
00000000
00000000
00000000
00000000
00000000
00000000
00000000
00000000
00000000
00000000
00000000
00000000
00000000
00000000
00000000
00000000
00000000
00000000
00000000
00000000
00000000
00000000
00000000
00000000
00000000
00000000
00000000
00000000
00000000
00000000
00000000
00000000
00000000
00000000
00000000
00000000
00000000
00000000
00000000
00000000
00000000
00000000
00000000
00000000
00000000
00000000
00000000
00000000
00000000
00000000
00000000
00000000
00000000
00000000
00000000
00000000
00000000
00000000
00000000
00000000
00000000
00000000
00000000
00000000
00000000
00000000
00000000
00000000
00000000
00000000
00000000
00000000
00000000
00000000
00000000
00000000
00000000
00000000
00000000
00000000
00000000
00000000
00000000
00000000
00000000
00000000
00000000
00000000
00000000
00000000
00000000
00000000
00000000
00000000
00000000
00000000
00000000
00000000
00000000
00000000
00000000
00000000
00000000
00000000
00000000
00000000
00000000
00000000
00000000
00000000
00000000
00000000
00000000
00000000
00000000
00000000
00000000
00000000
00000000
00000000
00000000
00000000
00000000
00000000
00000000
00000000
00000000
00000000
00000000
00000000
00000000
00000000
00000000
00000000
00000000
00000000
00000000
00000000
00000000
00000000
00000000
00000000
00000000
00000000
00000000
00000000
00000000
00000000
00000000
00000000
00000000
00000000
00000000
00000000
00000000
00000000
00000000
00000000
00000000
00000000
00000000
00000000
00000000
00000000
00000000
00000000
00000000
00000000
00000000
00000000
00000000
00000000
00000000
00000000
00000000
00000000
00000000
00000000
00000000
00000000
00000000
00000000
00000000
00000000
00000000
00000000
00000000
00000000
00000000
00000000
00000000
00000000
00000000
00000000
00000000
00000000
00000000
00000000
00000000
00000000
00000000
00000000
00000000
00000000
00000000
00000000
00000000
00000000
00000000
00000000
00000000
00000000
00000000
00000000
00000000
00000000
00000000
00000000
00000000
00000000
00000000
00000000
00000000
00000000
00000000
00000000
00000000
00000000
00000000
00000000
00000000
00000000
00000000
00000000
00000000
00000000
00000000
00000000
00000000
00000000
00000000
00000000
00000000
00000000
00000000
00000000
00000000
00000000
00000000
00000000
00000000
00000000
00000000
00000000
00000000
00000000
00000000
00000000
00000000
00000000
00000000
00000000
00000000
00000000
00000000
00000000
00000000
00000000
00000000
00000000
00000000
00000000
00000000
00000000
00000000
00000000
00000000
00000000
00000000
00000000
00000000
00000000
00000000
00000000
00000000
00000000
00000000
00000000
00000000
00000000
00000000
00000000
00000000
00000000
00000000
00000000
00000000
00000000
00000000
00000000
00000000
00000000
00000000
00000000
00000000
00000000
00000000
00000000
00000000
00000000
00000000
00000000
00000000
00000000
00000000
00000000
00000000
00000000
00000000
00000000
00000000
00000000
00000000
00000000
00000000
00000000
00000000
00000000
00000000
00000000
00000000
00000000
00000000
00000000
00000000
00000000
00000000
00000000
00000000
00000000
00000000
00000000
00000000
00000000
00000000
00000000
00000000
00000000
00000000
00000000
00000000
00000000
00000000
00000000
00000000
00000000
00000000
00000000
00000000
00000000
00000000
00000000
00000000
00000000
00000000
00000000
00000000
00000000
00000000
00000000
00000000
00000000
00000000
00000000
00000000
00000000
00000000
00000000
00000000
00000000
00000000
00000000
00000000
00000000
00000000
00000000
00000000
00000000
00000000
00000000
00000000
00000000
00000000
00000000
00000000
00000000
00000000
00000000
00000000
00000000
00000000
00000000
00000000
00000000
00000000
00000000
00000000
00000000
00000000
00000000
00000000
00000000
00000000
00000000
00000000
00000000
00000000
00000000
00000000
00000000
00000000
00000000
00000000
00000000
00000000
00000000
00000000
00000000
00000000
00000000
00000000
00000000
00000000
00000000
00000000
00000000
00000000
00000000
00000000
00000000
00000000
00000000
00000000
00000000
00000000
00000000
00000000
00000000
00000000
00000000
00000000
00000000
00000000
00000000
00000000
00000000
00000000
00000000
00000000
00000000
00000000
00000000
00000000
00000000
00000000
00000000
00000000
00000000
00000000
00000000
00000000
00000000
00000000
00000000
00000000
00000000
00000000
00000000
00000000
00000000
00000000
00000000
00000000
00000000
00000000
00000000
00000000
00000000
00000000
00000000
00000000
00000000
00000000
00000000
00000000
00000000
00000000
00000000
00000000
00000000
00000000
00000000
00000000
00000000
00000000
00000000
00000000
00000000
00000000
00000000
00000000
00000000
00000000
00000000
00000000
00000000
00000000
00000000
00000000
00000000
00000000
00000000
00000000
00000000
00000000
00000000
00000000
00000000
00000000
00000000
00000000
00000000
00000000
00000000
00000000
00000000
00000000
00000000
00000000
00000000
00000000
00000000
00000000
00000000
00000000
00000000
00000000
00000000
00000000
00000000
00000000
00000000
00000000
00000000
00000000
00000000
00000000
00000000
00000000
00000000
00000000
00000000
00000000
00000000
00000000
00000000
00000000
00000000
00000000
00000000
00000000
00000000
00000000
00000000
00000000
00000000
00000000
00000000
00000000
00000000
00000000
00000000
00000000
00000000
00000000
00000000
00000000
00000000
00000000
00000000
00000000
00000000
00000000
00000000
00000000
00000000
00000000
00000000
00000000
00000000
00000000
00000000
00000000
00000000
00000000
00000000
00000000
00000000
00000000
00000000
00000000
00000000
00000000
00000000
00000000
00000000
00000000
00000000
00000000
00000000
00000000
00000000
00000000
00000000
00000000
00000000
00000000
00000000
00000000
00000000
00000000
00000000
00000000
00000000
00000000
00000000
00000000
00000000
00000000
00000000
00000000
00000000
00000000
00000000
00000000
00000000
00000000
00000000
00000000
00000000
00000000
00000000
00000000
00000000
00000000
00000000
00000000
00000000
00000000
00000000
00000000
00000000
00000000
00000000
00000000
00000000
00000000
00000000
00000000
00000000
00000000
00000000
00000000
00000000
00000000
00000000
00000000
00000000
00000000
00000000
00000000
00000000
00000000
00000000
00000000
00000000
00000000
00000000
00000000
00000000
00000000
00000000
00000000
00000000
00000000
00000000
00000000
00000000
00000000
00000000
00000000
00000000
00000000
00000000
00000000
00000000
00000000
00000000
00000000
00000000
00000000
00000000
00000000
00000000
00000000
00000000
00000000
00000000
00000000
00000000
00000000
00000000
00000000
00000000
00000000
00000000
00000000
00000000
00000000
00000000
00000000
00000000
00000000
00000000
00000000
00000000
00000000
00000000
00000000
00000000
00000000
00000000
00000000
00000000
00000000
00000000
00000000
00000000
00000000
00000000
00000000
00000000
00000000
00000000
00000000
00000000
00000000
00000000
00000000
00000000
00000000
00000000
00000000
00000000
00000000
00000000
00000000
00000000
00000000
00000000
00000000
00000000
00000000
00000000
00000000
00000000
00000000
00000000
00000000
00000000
00000000
00000000
00000000
00000000
00000000
00000000
00000000
00000000
00000000
00000000
00000000
00000000
00000000
00000000
00000000
00000000
00000000
00000000
00000000
00000000
00000000
00000000
00000000
00000000
00000000
00000000
00000000
00000000
00000000
00000000
00000000
00000000
00000000
00000000
00000000
00000000
00000000
00000000
00000000
00000000
00000000
00000000
00000000
00000000
00000000
00000000
00000000
00000000
00000000
00000000
00000000
00000000
00000000
00000000
00000000
00000000
00000000
00000000
00000000
00000000
00000000
00000000
00000000
00000000
00000000
00000000
00000000
00000000
00000000
00000000
00000000
00000000
00000000
00000000
00000000
00000000
00000000
00000000
00000000
00000000
00000000
00000000
00000000
00000000
00000000
00000000
00000000
00000000
00000000
00000000
00000000
00000000
00000000
00000000
00000000
00000000
00000000
00000000
00000000
00000000
00000000
00000000
00000000
00000000
00000000
00000000
00000000
00000000
00000000
00000000
00000000
00000000
00000000
00000000
00000000
00000000
00000000
00000000
00000000
00000000
00000000
00000000
00000000
00000000
00000000
00000000
00000000
00000000
00000000
00000000
00000000
00000000
00000000
00000000
00000000
00000000
00000000
00000000
00000000
00000000
00000000
00000000
00000000
00000000
00000000
00000000
00000000
00000000
00000000
00000000
00000000
00000000
00000000
00000000
00000000
00000000
00000000
00000000
00000000
00000000
00000000
00000000
00000000
00000000
00000000
00000000
00000000
00000000
00000000
00000000
00000000
00000000
00000000
00000000
00000000
00000000
00000000
00000000
00000000
00000000
00000000
00000000
00000000
00000000
00000000
00000000
00000000
00000000
00000000
00000000
00000000
00000000
00000000
00000000
00000000
00000000
00000000
00000000
00000000
00000000
00000000
00000000
00000000
00000000
00000000
00000000
00000000
00000000
00000000
00000000
00000000
00000000
00000000
00000000
00000000
00000000
00000000
00000000
00000000
00000000
00000000
00000000
00000000
00000000
00000000
00000000
00000000
00000000
00000000
00000000
00000000
00000000
00000000
00000000
00000000
00000000
00000000
00000000
00000000
00000000
00000000
00000000
00000000
00000000
00000000
00000000
00000000
00000000
00000000
00000000
00000000
00000000
00000000
00000000
00000000
00000000
00000000
00000000
00000000
00000000
00000000
00000000
00000000
00000000
00000000
00000000
00000000
00000000
00000000
00000000
00000000
00000000
00000000
00000000
00000000
00000000
00000000
00000000
00000000
00000000
00000000
00000000
00000000
00000000
00000000
00000000
00000000
00000000
00000000
00000000
00000000
00000000
00000000
00000000
00000000
00000000
00000000
00000000
00000000
00000000
00000000
00000000
00000000
00000000
00000000
00000000
00000000
00000000
00000000
00000000
00000000
00000000
00000000
00000000
00000000
00000000
00000000
00000000
00000000
00000000
00000000
00000000
00000000
00000000
00000000
00000000
00000000
00000000
00000000
00000000
00000000
00000000
00000000
00000000
00000000
00000000
00000000
00000000
00000000
00000000
00000000
00000000
00000000
00000000
00000000
00000000
00000000
00000000
00000000
00000000
00000000
00000000
00000000
00000000
00000000
00000000
00000000
00000000
00000000
00000000
00000000
00000000
00000000
00000000
00000000
00000000
00000000
00000000
00000000
00000000
00000000
00000000
00000000
00000000
00000000
00000000
00000000
00000000
00000000
00000000
00000000
00000000
00000000
00000000
00000000
00000000
00000000
00000000
00000000
00000000
00000000
00000000
00000000
00000000
00000000
00000000
00000000
00000000
00000000
00000000
00000000
00000000
00000000
00000000
00000000
00000000
00000000
00000000
00000000
00000000
00000000
00000000
00000000
00000000
00000000
00000000
00000000
00000000
00000000
00000000
00000000
00000000
00000000
00000000
00000000
00000000
00000000
00000000
00000000
00000000
00000000
00000000
00000000
00000000
00000000
00000000
00000000
00000000
00000000
00000000
00000000
00000000
00000000
00000000
00000000
00000000
00000000
00000000
00000000
00000000
00000000
00000000
00000000
00000000
00000000
00000000
00000000
00000000
00000000
00000000
00000000
00000000
00000000
00000000
00000000
00000000
00000000
00000000
00000000
00000000
00000000
00000000
00000000
00000000
00000000
00000000
00000000
00000000
00000000
00000000
00000000
00000000
00000000
00000000
00000000
00000000
00000000
00000000
00000000
00000000
00000000
00000000
00000000
00000000
00000000
00000000
00000000
00000000
00000000
00000000
00000000
00000000
00000000
00000000
00000000
00000000
00000000
00000000
00000000
00000000
00000000
00000000
00000000
00000000
00000000
00000000
00000000
00000000
00000000
00000000
00000000
00000000
00000000
00000000
00000000
00000000
00000000
00000000
00000000
00000000
00000000
00000000
00000000
00000000
00000000
00000000
00000000
00000000
00000000
00000000
00000000
00000000
00000000
00000000
00000000
00000000
00000000
00000000
00000000
00000000
00000000
00000000
00000000
00000000
00000000
00000000
00000000
00000000
00000000
00000000
00000000
00000000
00000000
00000000
00000000
00000000
00000000
00000000
00000000
00000000
00000000
00000000
00000000
00000000
00000000
00000000
00000000
00000000
00000000
00000000
00000000
00000000
00000000
00000000
00000000
00000000
00000000
00000000
00000000
00000000
00000000
00000000
00000000
00000000
00000000
00000000
00000000
00000000
00000000
00000000
00000000
00000000
00000000
00000000
00000000
00000000
00000000
00000000
00000000
00000000
00000000
00000000
00000000
00000000
00000000
00000000
00000000
00000000
00000000
00000000
00000000
00000000
00000000
00000000
00000000
00000000
00000000
00000000
00000000
00000000
00000000
00000000
00000000
00000000
00000000
00000000
00000000
00000000
00000000
00000000
00000000
00000000
00000000
00000000
00000000
00000000
00000000
00000000
00000000
00000000
00000000
00000000
00000000
00000000
00000000
00000000
00000000
00000000
00000000
00000000
00000000
00000000
00000000
00000000
00000000
00000000
00000000
00000000
00000000
00000000
00000000
00000000
00000000
00000000
00000000
00000000
00000000
00000000
00000000
00000000
00000000
00000000
00000000
00000000
00000000
00000000
00000000
00000000
00000000
00000000
00000000
00000000
00000000
00000000
00000000
00000000
00000000
00000000
00000000
00000000
00000000
00000000
00000000
00000000
00000000
00000000
00000000
00000000
00000000
00000000
00000000
00000000
00000000
00000000
00000000
00000000
00000000
00000000
00000000
00000000
00000000
00000000
00000000
00000000
00000000
00000000
00000000
00000000
00000000
00000000
00000000
00000000
00000000
00000000
00000000
00000000
00000000
00000000
00000000
00000000
00000000
00000000
00000000
00000000
00000000
00000000
00000000
00000000
00000000
00000000
00000000
00000000
00000000
00000000
00000000
00000000
00000000
00000000
00000000
00000000
00000000
00000000
00000000
00000000
00000000
00000000
00000000
00000000
00000000
00000000
00000000
00000000
00000000
00000000
00000000
00000000
00000000
00000000
00000000
00000000
00000000
00000000
00000000
00000000
00000000
00000000
00000000
00000000
00000000
00000000
00000000
00000000
00000000
00000000
00000000
00000000
00000000
00000000
00000000
00000000
00000000
00000000
00000000
00000000
00000000
00000000
00000000
00000000
00000000
00000000
00000000
00000000
00000000
00000000
00000000
00000000
00000000
00000000
00000000
00000000
00000000
00000000
00000000
00000000
00000000
00000000
00000000
00000000
00000000
00000000
00000000
00000000
00000000
00000000
00000000
00000000
00000000
00000000
00000000
00000000
00000000
00000000
00000000
00000000
00000000
00000000
00000000
00000000
00000000
00000000
00000000
00000000
00000000
00000000
00000000
00000000
00000000
00000000
00000000
00000000
00000000
00000000
00000000
00000000
00000000
00000000
00000000
00000000
00000000
00000000
00000000
00000000
00000000
00000000
00000000
00000000
00000000
00000000
00000000
00000000
00000000
00000000
00000000
00000000
00000000
00000000
00000000
00000000
00000000
00000000
00000000
00000000
00000000
00000000
00000000
00000000
00000000
00000000
00000000
00000000
00000000
00000000
00000000
00000000
00000000
00000000
00000000
00000000
00000000
00000000
00000000
00000000
00000000
00000000
00000000
00000000
00000000
00000000
00000000
00000000
00000000
00000000
00000000
00000000
00000000
00000000
00000000
00000000
00000000
00000000
00000000
00000000
00000000
00000000
00000000
00000000
00000000
00000000
00000000
00000000
00000000
00000000
00000000
00000000
00000000
00000000
00000000
00000000
00000000
00000000
00000000
00000000
00000000
00000000
00000000
00000000
00000000
00000000
00000000
00000000
00000000
00000000
00000000
00000000
00000000
00000000
00000000
00000000
00000000
00000000
00000000
00000000
00000000
00000000
00000000
00000000
00000000
00000000
00000000
00000000
00000000
00000000
00000000
00000000
00000000
00000000
00000000
00000000
00000000
00000000
00000000
00000000
00000000
00000000
00000000
00000000
00000000
00000000
00000000
00000000
00000000
00000000
00000000
00000000
00000000
00000000
00000000
00000000
00000000
00000000
00000000
00000000
00000000
00000000
00000000
00000000
00000000
00000000
00000000
00000000
00000000
00000000
00000000
00000000
00000000
00000000
00000000
00000000
00000000
00000000
00000000
00000000
00000000
00000000
00000000
00000000
00000000
00000000
00000000
00000000
00000000
00000000
00000000
00000000
00000000
00000000
00000000
00000000
00000000
00000000
00000000
00000000
00000000
00000000
00000000
00000000
00000000
00000000
00000000
00000000
00000000
00000000
00000000
00000000
00000000
00000000
00000000
00000000
00000000
00000000
00000000
00000000
00000000
00000000
00000000
00000000
00000000
00000000
00000000
00000000
00000000
00000000
00000000
00000000
00000000
00000000
00000000
00000000
00000000
00000000
00000000
00000000
00000000
00000000
00000000
00000000
00000000
00000000
00000000
00000000
00000000
00000000
00000000
00000000
00000000
00000000
00000000
00000000
00000000
00000000
00000000
00000000
00000000
00000000
00000000
00000000
00000000
00000000
00000000
00000000
00000000
00000000
00000000
00000000
00000000
00000000
00000000
00000000
00000000
00000000
00000000
00000000
00000000
00000000
00000000
00000000
00000000
00000000
00000000
00000000
00000000
00000000
00000000
00000000
00000000
00000000
00000000
00000000
00000000
00000000
00000000
00000000
00000000
00000000
00000000
00000000
00000000
00000000
00000000
00000000
00000000
00000000
00000000
00000000
00000000
00000000
00000000
00000000
00000000
00000000
00000000
00000000
00000000
00000000
00000000
00000000
00000000
00000000
00000000
00000000
00000000
00000000
00000000
00000000
00000000
00000000
00000000
00000000
00000000
00000000
00000000
00000000
00000000
00000000
00000000
00000000
00000000
00000000
00000000
00000000
00000000
00000000
00000000
00000000
00000000
00000000
00000000
00000000
00000000
00000000
00000000
00000000
00000000
00000000
00000000
00000000
00000000
00000000
00000000
00000000
00000000
00000000
00000000
00000000
00000000
00000000
00000000
00000000
00000000
00000000
00000000
00000000
00000000
00000000
00000000
00000000
00000000
00000000
00000000
00000000
00000000
00000000
00000000
00000000
00000000
00000000
00000000
00000000
00000000
00000000
00000000
00000000
00000000
00000000
00000000
00000000
00000000
00000000
00000000
00000000
00000000
00000000
00000000
00000000
00000000
00000000
00000000
00000000
00000000
00000000
00000000
00000000
00000000
00000000
00000000
00000000
00000000
00000000
00000000
00000000
00000000
00000000
00000000
00000000
00000000
00000000
00000000
00000000
00000000
00000000
00000000
